ID,present,WC_alt,WC_bio1,WC_bio2,ER_tri,ER_topoWet,lon,lat
1,1,4,16,10,20.520000457763672,11.670000076293945,22.843306,40.630657
2,1,5,16.600000381469727,7,2.940000057220459,11.75,2.130939,41.298506
3,1,0,14.199999809265137,9.800000190734863,5.019999980926514,13.25,4.70684,43.475724
4,1,4,16,10,20.520000457763672,11.670000076293945,22.846245,40.629809
5,1,4,16,10,20.520000457763672,11.670000076293945,22.84859,40.590583
6,1,4,16,10,20.520000457763672,11.670000076293945,22.840971,40.627158
7,1,9,16.700000762939453,9.5,6.130000114440918,13.100000381469727,18.512629,-34.083659
8,1,-1,17.799999237060547,9.199999809265137,5.300000190734863,13.630000114440918,-0.317458,39.327667
9,1,7,14.100000381469727,10,3.5,13.350000381469727,4.259052,43.619976
10,1,4,16,10,20.520000457763672,11.670000076293945,22.850044,40.628181
11,1,2,14,10.100000381469727,2.9100000858306885,13.34000015258789,3.968479,43.547861
12,1,4,16,10,20.520000457763672,11.670000076293945,22.84837,40.591431
13,1,2,14,10.100000381469727,2.9100000858306885,13.34000015258789,3.969808,43.545823
14,1,4,16,10,20.520000457763672,11.670000076293945,22.842319,40.628409
15,1,45,26.799999237060547,8.5,20.84000015258789,11.039999961853027,73.020156,19.005738
16,1,4,16,10,20.520000457763672,11.670000076293945,22.841221,40.628122
17,1,4,16,10,20.520000457763672,11.670000076293945,22.850302,40.628018
18,1,17,16.700000762939453,7.800000190734863,11.75,12.5,-8.970044,38.946057
19,1,3,15.5,8.300000190734863,19.469999313354492,10.960000038146973,11.215493,42.466546
20,1,7,14.100000381469727,10,3.5,13.350000381469727,4.263592,43.615893
21,1,82,15.199999809265137,7.900000095367432,83.80000305175781,9.9399995803833,11.163145,42.431065
22,1,17,17.5,8.899999618530273,9.210000038146973,12.3100004196167,-7.439047,37.196686
23,1,18,17,8.300000190734863,6.760000228881836,12.5600004196167,-8.922583,38.74852
24,1,17,17.5,8.899999618530273,9.210000038146973,12.3100004196167,-7.459529,37.208573
25,1,1,16.899999618530273,8,1.6100000143051147,13.3100004196167,-8.954479,38.894827
26,1,42,18.100000381469727,10.699999809265137,22,11.539999961853027,-0.526228,38.242609
27,1,6,14.100000381469727,10.100000381469727,5.570000171661377,12.680000305175781,3.877631,43.503682
28,1,0,14.300000190734863,9.699999809265137,7.539999961853027,13.520000457763672,4.624718,43.41603
29,1,110,13.5,7.900000095367432,26.969999313354492,10.619999885559082,28.663543,41.156008
30,1,17,17.5,8.899999618530273,9.210000038146973,12.3100004196167,-7.435989,37.197947
31,1,1,14.100000381469727,10,2.009999990463257,13.930000305175781,4.12174,43.50161
32,1,3,15.5,8.300000190734863,19.469999313354492,10.960000038146973,11.213376,42.467833
33,1,36,16.700000762939453,9.800000190734863,45.2400016784668,10.34000015258789,18.496182,-34.061313
34,1,14,18.200000762939453,9.199999809265137,28.739999771118164,11.149999618530273,-1.813289,37.198245
35,1,6,14.100000381469727,10.100000381469727,5.570000171661377,12.680000305175781,3.91195,43.547858
36,1,9,16.700000762939453,9.5,6.130000114440918,13.100000381469727,18.509216,-34.084868
37,1,6,14.800000190734863,7.5,4.619999885559082,12.789999961853027,-8.667329,40.644491
38,1,53,20.299999237060547,9.800000190734863,19.200000762939453,11.180000305175781,35.104868,32.778667
39,1,4,30.799999237060547,11.899999618530273,3.640000104904175,12.470000267028809,39.924421,20.273561
40,1,7,17.299999237060547,9.800000190734863,65.01000213623047,9.850000381469727,20.683246,38.836154
41,1,129,16.700000762939453,9.699999809265137,72.970001220703125,8.9399995803833,20.719032,38.802538
42,1,129,16.700000762939453,9.699999809265137,72.970001220703125,8.9399995803833,20.719634,38.803785
43,1,-2,13.399999618530273,7.699999809265137,1.4500000476837158,14.15999984741211,12.31152,45.087747
44,1,30,18.399999618530273,8.800000190734863,13.430000305175781,11.729999542236328,18.11,-33.18
45,1,1590,15.5,15.199999809265137,8.899999618530273,12.09000015258789,28.5122,-26.3617
46,1,148,17.600000381469727,13.699999809265137,30.3799991607666,10.640000343322754,18.4167,-32.3333
47,1,1560,15.100000381469727,15.699999809265137,11.300000190734863,12.100000381469727,29.188376,-26.919122
48,1,1590,15.5,15.199999809265137,8.899999618530273,12.09000015258789,28.5044,-26.3828
49,1,30,18.399999618530273,8.800000190734863,13.430000305175781,11.729999542236328,18.1181,-33.19957
50,1,32,17.899999618530273,13.300000190734863,8.829999923706055,11.489999771118164,18.313095,-32.067773
51,1,62,18.799999237060547,9.399999618530273,12.069999694824219,11.979999542236328,18.0953,-33.1617
52,1,29,16.899999618530273,8,10.470000267028809,11.229999542236328,19.893,-34.653
53,1,30,18.399999618530273,8.800000190734863,13.430000305175781,11.729999542236328,18.10464,-33.19037
54,1,67,17.700000762939453,13.399999618530273,19.559999465942383,11.100000381469727,18.34212,-32.20773
55,1,30,18.399999618530273,8.800000190734863,13.430000305175781,11.729999542236328,18.0861,-33.16979
56,1,1597,15.600000381469727,15.399999618530273,8.859999656677246,12.270000457763672,28.95,-26.5833
57,1,160,16.299999237060547,9,37.93000030517578,9.979999542236328,18.47538,-34.10481
58,1,24,17.799999237060547,13.199999809265137,12.430000305175781,11.329999923706055,18.32061,-32.08807
59,1,1626,15.399999618530273,15.300000190734863,10.229999542236328,12.15999984741211,28.6608,-26.4863
60,1,47,19.600000381469727,8.699999809265137,27.170000076293945,11.380000114440918,18.06193,-33.13029
61,1,22,19.100000381469727,8.5,11.6899995803833,11.949999809265137,18.0803,-33.1837
62,1,1652,15.800000190734863,13.600000381469727,10.199999809265137,12.119999885559082,28.3225,-26.1366
63,1,32,16.700000762939453,10.100000381469727,3.0199999809265137,13.050000190734863,18.595872,-34.071193
64,1,47,19.600000381469727,8.699999809265137,27.170000076293945,11.380000114440918,18.05012,-33.15676
65,1,NA,NA,NA,NA,NA,19.877,-34.6705
66,1,NA,NA,NA,NA,NA,31.7688,-28.9495
67,1,NA,NA,NA,NA,NA,13.071138,43.962366
68,1,NA,NA,NA,NA,NA,-8.937779,40.135907
69,1,17,17.5,8.899999618530273,9.210000038146973,12.3100004196167,-7.463624,37.211711
70,1,488,16.100000381469727,10.600000381469727,23.399999618530273,11.050000190734863,-4.833642,37.048096
71,1,435,16.399999618530273,10.699999809265137,15.4399995803833,11.520000457763672,-4.774395,37.093697
72,1,4,17.799999237060547,8.600000381469727,2.119999885559082,13.920000076293945,-6.340177,36.834339
73,1,2,14.100000381469727,10,2.700000047683716,13.479999542236328,4.335905,43.61201
74,1,-2,13.5,7.5,0.7400000095367432,14.359999656677246,12.350413,45.009105
75,1,3,15.5,8.300000190734863,19.469999313354492,10.960000038146973,11.237474,42.448445
76,1,16,15.5,9.800000190734863,4.199999809265137,13.1899995803833,12.986597,41.334689
77,1,-2,13.100000381469727,8.300000190734863,3.809999942779541,13.630000114440918,12.485471,45.563721
78,1,108,20.5,11.100000381469727,45.099998474121094,10.579999923706055,35.610654,33.101246
79,1,2,14.100000381469727,10,2.700000047683716,13.479999542236328,4.336916,43.612191
80,1,26,15.100000381469727,9.199999809265137,33.099998474121094,11.239999771118164,3.034687,42.984428
81,1,36,16.700000762939453,9.800000190734863,45.2400016784668,10.34000015258789,18.497217,-34.061083000000004
82,1,3,15.5,8.300000190734863,19.469999313354492,10.960000038146973,11.204609,42.482949
83,1,-2,13.5,7.5,0.7400000095367432,14.359999656677246,12.405422,45.011163
84,1,7,14.100000381469727,10,3.5,13.350000381469727,4.265006,43.615702
85,1,1,15.899999618530273,7.900000095367432,14.1899995803833,12.800000190734863,3.100395,42.208482
86,1,16,15.5,9.800000190734863,4.199999809265137,13.1899995803833,12.985818,41.335785
87,1,3,15.5,8.300000190734863,19.469999313354492,10.960000038146973,11.206757,42.425847
88,1,-2,13.5,7.5,0.7400000095367432,14.359999656677246,12.36442,45.03548
89,1,2,14.100000381469727,10,2.700000047683716,13.479999542236328,4.335857,43.612287
90,1,51,14.899999618530273,8.199999809265137,26.030000686645508,10.359999656677246,6.182101,43.108133
91,1,16,15.5,9.800000190734863,4.199999809265137,13.1899995803833,12.98659,41.334687
92,1,1,14,10.100000381469727,2.3399999141693115,13.380000114440918,4.096672,43.617257
93,1,21,14.899999618530273,9.5,24,11.3100004196167,3.032,43.095519
94,1,0,14.100000381469727,9.800000190734863,3.819999933242798,11.770000457763672,5.158406,43.466292
95,1,87,13.899999618530273,6.300000190734863,19.350000381469727,10.699999809265137,13.586958,45.380233
96,1,21,14.899999618530273,9.5,24,11.3100004196167,3.032214,43.097134
97,1,4,16,10,20.520000457763672,11.670000076293945,22.837041,40.623133
98,1,2,14.100000381469727,10,2.700000047683716,13.479999542236328,4.336239,43.612028
99,1,48,18.299999237060547,8.399999618530273,22.020000457763672,10.489999771118164,-4.456475,36.669665
100,1,-4,13.5,7.599999904632568,0.7200000286102295,14.329999923706055,12.300086,45.06452
101,1,62,17.799999237060547,9.300000190734863,12.0600004196167,12.34000015258789,-8.732594,32.997108
102,1,4,16,10,20.520000457763672,11.670000076293945,22.843693,40.630038
103,1,21,14.100000381469727,9.800000190734863,13.199999809265137,11.15999984741211,5.227727,43.449142
104,1,4,14.600000381469727,9.800000190734863,3,12.739999771118164,3.529472,43.315064
105,1,54,18.200000762939453,8.800000190734863,17.59000015258789,11.670000076293945,-8.973713,32.782857
106,1,38,18.899999618530273,8.800000190734863,NA,9.619999885559082,27.339808,36.884774
107,1,180,17.5,9.399999618530273,65.37999725341797,8.569999694824219,-3.457002,36.689467
108,1,0,14.100000381469727,9.899999618530273,0.9399999976158142,14.039999961853027,4.141825,43.497463
109,1,0,14.199999809265137,9.800000190734863,4.199999809265137,13.510000228881836,4.408325,43.488234
110,1,2,14.100000381469727,10,2.259999990463257,13.529999732971191,4.244502,43.620877
111,1,4,16,10,20.520000457763672,11.670000076293945,22.835238,40.617562
112,1,30,18.399999618530273,8.800000190734863,13.430000305175781,11.729999542236328,18.123637,-33.190145
113,1,2,14.100000381469727,10,2.259999990463257,13.529999732971191,4.24424,43.621178
114,1,4,16,10,20.520000457763672,11.670000076293945,22.840873,40.627961
115,1,169,18.100000381469727,8.5,68.33000183105469,8.670000076293945,27.172654,36.883812
116,1,38,18.899999618530273,8.800000190734863,NA,9.619999885559082,27.339808,36.884774
117,1,-1,15.899999618530273,10.199999809265137,12.039999961853027,12.869999885559082,22.823228,40.581569
118,1,2,14,10.100000381469727,2.9100000858306885,13.34000015258789,3.952349,43.535314
119,1,38,17.799999237060547,9.199999809265137,12.260000228881836,12.260000228881836,-8.715906,33.016113
120,1,62,17.799999237060547,9.300000190734863,12.0600004196167,12.34000015258789,-8.732552,32.996145
121,1,4,16,10,20.520000457763672,11.670000076293945,22.845495,40.630689
122,1,21,14.100000381469727,9.800000190734863,13.199999809265137,11.15999984741211,5.229498,43.453558
123,1,169,18.100000381469727,8.5,68.33000183105469,8.670000076293945,27.172654,36.883812
124,1,-1,15.899999618530273,10.199999809265137,12.039999961853027,12.869999885559082,22.830268,40.581929
125,1,169,18.100000381469727,8.5,68.33000183105469,8.670000076293945,27.172654,36.883812
126,1,-1,15.899999618530273,10.199999809265137,12.039999961853027,12.869999885559082,22.805311,40.56841
127,1,38,18.899999618530273,8.800000190734863,NA,9.619999885559082,27.339808,36.884774
128,1,4,16,10,20.520000457763672,11.670000076293945,22.839754,40.621047
129,1,38,18.899999618530273,8.800000190734863,NA,9.619999885559082,27.339808,36.884774
130,1,146,16.399999618530273,8.399999618530273,45.16999816894531,9.600000381469727,0.0621,40.0479
131,1,7,17.299999237060547,9.800000190734863,65.01000213623047,9.850000381469727,20.706083,38.836388
132,1,7,17.299999237060547,9.800000190734863,65.01000213623047,9.850000381469727,20.702842,38.83612
133,1,129,16.700000762939453,9.699999809265137,72.970001220703125,8.9399995803833,20.724696,38.803558
134,1,7,17.299999237060547,9.800000190734863,65.01000213623047,9.850000381469727,20.702539,38.836239
135,1,129,16.700000762939453,9.699999809265137,72.970001220703125,8.9399995803833,20.722722,38.80212
136,1,129,16.700000762939453,9.699999809265137,72.970001220703125,8.9399995803833,20.722021,38.803272
137,1,4,16,10,20.520000457763672,11.670000076293945,22.842927,40.629646
138,1,129,16.700000762939453,9.699999809265137,72.970001220703125,8.9399995803833,20.720044,38.800515
139,1,32,16.700000762939453,7.900000095367432,8.279999732971191,12.130000114440918,3.002288,39.347913
140,1,129,16.700000762939453,9.699999809265137,72.970001220703125,8.9399995803833,20.722493,38.805001
141,1,4,16,10,20.520000457763672,11.670000076293945,22.84468,40.63007
142,1,63,20.299999237060547,9.699999809265137,22.420000076293945,11.1899995803833,34.922856,32.625687
143,1,-1,13.199999809265137,7.900000095367432,2.609999895095825,13.489999771118164,12.490622,45.490157
144,1,10,17.200000762939453,10.699999809265137,3.609999895095825,12.029999732971191,18.1594,-32.7954
145,1,14,17.299999237060547,11.399999618530273,3.3499999046325684,12.710000038146973,18.20683,-32.8128
146,1,67,17.700000762939453,13.399999618530273,22.25,11.380000114440918,18.2,-31.7
147,1,57,16,8.600000381469727,39.5,9.819999694824219,19.11,-34.36
148,1,12,17.799999237060547,13,8.289999961853027,11.170000076293945,17.57896,-30.84222
149,1,181,17.600000381469727,12.199999809265137,18.350000381469727,11.520000457763672,18.74433,-33.31127
150,1,67,17.700000762939453,13.399999618530273,22.25,11.380000114440918,18.19004,-31.6966
151,1,14,17.299999237060547,11.399999618530273,3.3499999046325684,12.710000038146973,18.19892,-32.82591
152,1,14,17.299999237060547,11.399999618530273,3.3499999046325684,12.710000038146973,18.1769,-32.79708
153,1,10,17.200000762939453,10.699999809265137,3.609999895095825,12.029999732971191,18.1443,-32.7839
154,1,22,14.899999618530273,8.800000190734863,5.269999980926514,11.779999732971191,16.87744,-29.28171
155,1,14,17.299999237060547,11.399999618530273,3.3499999046325684,12.710000038146973,18.1833,-32.7907
156,1,14,17.299999237060547,11.399999618530273,3.3499999046325684,12.710000038146973,18.2048,-32.7996
157,1,1636,15.600000381469727,14,9.4399995803833,12.170000076293945,28.3354,-26.1282
158,1,14,17.299999237060547,11.399999618530273,3.3499999046325684,12.710000038146973,18.21486,-32.83165
159,1,6,14.100000381469727,10.100000381469727,5.570000171661377,12.680000305175781,3.838072,43.506297000000004
160,1,NA,NA,NA,NA,NA,13.16804,43.888974
161,1,10,14.699999809265137,9.800000190734863,4.789999961853027,12.449999809265137,3.342237,43.270606
162,1,37,17.299999237060547,7.099999904632568,13.569999694824219,11.800000190734863,-6.048782,36.615211
163,1,438,16.299999237060547,10.399999618530273,16.3799991607666,11.510000228881836,-4.826106,37.021294
164,1,438,16.299999237060547,10.399999618530273,16.3799991607666,11.510000228881836,-4.813129,37.039032
165,1,488,16.100000381469727,10.600000381469727,23.399999618530273,11.050000190734863,-4.842719,37.037106
166,1,435,16.399999618530273,10.699999809265137,15.4399995803833,11.520000457763672,-4.790913,37.085175
167,1,148,17.399999618530273,11.199999809265137,81.81999969482422,8.4399995803833,27.538036,37.492074
168,1,4,16,10,20.520000457763672,11.670000076293945,22.841611,40.628188
169,1,1,16.899999618530273,8,1.6100000143051147,13.3100004196167,-8.966155,38.879028
170,1,30,18.399999618530273,8.800000190734863,13.430000305175781,11.729999542236328,18.123781,-33.190088
171,1,41,14,10,17.969999313354492,11.729999542236328,3.826314,43.506788
172,1,1,16.899999618530273,8,1.6100000143051147,13.3100004196167,-8.966155,38.879028
173,1,4,16,10,20.520000457763672,11.670000076293945,22.84127,40.627591
174,1,21,16.700000762939453,9.899999618530273,4.570000171661377,13.029999732971191,18.515575,-34.073934
175,1,-4,13.5,7.599999904632568,0.7200000286102295,14.329999923706055,12.319451,45.053878
176,1,21,16.700000762939453,9.899999618530273,4.570000171661377,13.029999732971191,18.515089,-34.077568
177,1,NA,NA,NA,20.56999969482422,11.829999923706055,22.837871,40.582854
178,1,54,14.199999809265137,6.599999904632568,13.079999923706055,11.050000190734863,13.720677,45.061721
179,1,-4,13.5,7.599999904632568,0.7200000286102295,14.329999923706055,12.319451,45.053878
180,1,0,14.100000381469727,10,1.8799999952316284,14.069999694824219,4.169805,43.511804
181,1,-1,15.899999618530273,10.199999809265137,12.039999961853027,12.869999885559082,22.815457,40.572675
182,1,4,16,10,20.520000457763672,11.670000076293945,22.834938,40.617888
183,1,-4,13.5,7.599999904632568,0.7200000286102295,14.329999923706055,12.319451,45.053878
184,1,-4,13.5,7.599999904632568,0.7200000286102295,14.329999923706055,12.319451,45.053878
185,1,2,14.100000381469727,10,2.700000047683716,13.479999542236328,4.337899,43.612241
186,1,2,14.100000381469727,10,2.259999990463257,13.529999732971191,4.245123,43.621023
187,1,-2,13.5,7.5,0.7400000095367432,14.359999656677246,12.358466,45.031619
188,1,11,16.799999237060547,10.399999618530273,17.059999465942383,10.300000190734863,18.812957,-34.087012
189,1,21,16.700000762939453,9.899999618530273,4.570000171661377,13.029999732971191,18.520256,-34.080322
190,1,-2,13.5,7.5,0.7400000095367432,14.359999656677246,12.359407,45.049983
191,1,-1,15.899999618530273,10.199999809265137,12.039999961853027,12.869999885559082,22.816473,40.573095
192,1,4,16,10,20.520000457763672,11.670000076293945,22.843778,40.630005
193,1,21,16.700000762939453,9.899999618530273,4.570000171661377,13.029999732971191,18.520701,-34.075229
194,1,-2,13.5,7.5,0.7400000095367432,14.359999656677246,12.359407,45.049983
195,1,0,14.199999809265137,9.899999618530273,2.3499999046325684,13.949999809265137,4.450162,43.50706
196,1,-4,13.5,7.599999904632568,0.7200000286102295,14.329999923706055,12.320849,45.053682
197,1,2,14.100000381469727,10,2.700000047683716,13.479999542236328,4.337171,43.610873
198,1,4,15.600000381469727,8.199999809265137,19.219999313354492,10.489999771118164,11.367013,42.401649
199,1,-4,13.5,7.599999904632568,0.7200000286102295,14.329999923706055,12.323247,45.050904
200,1,900,13.199999809265137,11.800000190734863,11.210000038146973,11.550000190734863,-1.562779,38.834138
201,1,916,13.100000381469727,11.699999809265137,13.75,11.359999656677246,-1.456937,38.839384
202,1,866,13.399999618530273,11.800000190734863,16.15999984741211,11.670000076293945,-1.601607,38.835056
203,1,-4,13.5,7.599999904632568,0.7200000286102295,14.329999923706055,12.321912,45.052274
204,1,19,17.399999618530273,9,10.949999809265137,11.039999961853027,-7.643002,37.133591
205,1,-2,13.399999618530273,7.699999809265137,1.4500000476837158,14.15999984741211,12.296924,45.114607
206,1,7,18.200000762939453,10.800000190734863,4.690000057220459,12.800000190734863,-0.771733,37.817292
207,1,4,15.600000381469727,8.199999809265137,19.219999313354492,10.489999771118164,11.360459,42.402831
208,1,2,14.100000381469727,10,2.259999990463257,13.529999732971191,4.210341,43.593633
209,1,24,16.899999618530273,8.399999618530273,6.610000133514404,12.789999961853027,-8.823708,38.843688
210,1,2,14,10.100000381469727,2.9100000858306885,13.34000015258789,3.965945,43.552777
211,1,34,17.799999237060547,7.400000095367432,13.1899995803833,11.65999984741211,12.536156,37.99616
212,1,2,14,10.100000381469727,2.9100000858306885,13.34000015258789,3.96529,43.552872
213,1,6,18.200000762939453,10.600000381469727,3.009999990463257,13.539999961853027,-6.130343,37.238473
214,1,6,18.200000762939453,10.600000381469727,3.009999990463257,13.539999961853027,-6.130042,37.238388
215,1,17,17.5,8.899999618530273,9.210000038146973,12.3100004196167,-7.448316,37.209939
216,1,6,18.200000762939453,10.600000381469727,3.009999990463257,13.539999961853027,-6.131433,37.240315
217,1,41,14,10,17.969999313354492,11.729999542236328,3.812144,43.503318
218,1,18,18.200000762939453,10.899999618530273,15.800000190734863,12.319999694824219,-0.630183,38.158601
219,1,57,14.699999809265137,9.399999618530273,26,11.069999694824219,2.960232,43.088321
220,1,0,14.100000381469727,10,1.8799999952316284,14.069999694824219,4.179087,43.557378
221,1,2,14.100000381469727,10,2.259999990463257,13.529999732971191,4.245203,43.620238
222,1,102,15.399999618530273,6.099999904632568,61.970001220703125,9.380000114440918,9.287626,41.587198
223,1,0,14.100000381469727,10,1.8799999952316284,14.069999694824219,4.179429,43.557498
224,1,6,18.200000762939453,10.600000381469727,3.009999990463257,13.539999961853027,-6.130368,37.240303
225,1,5,16.600000381469727,7,2.940000057220459,11.75,2.119064,41.312475
226,1,6,18.200000762939453,10.600000381469727,3.009999990463257,13.539999961853027,-6.128495,37.238073
227,1,-2,13.399999618530273,7.699999809265137,1.4500000476837158,14.15999984741211,12.297684,45.114052
228,1,7,26.799999237060547,12.199999809265137,2.5999999046325684,13.359999656677246,54.406267,24.455383
229,1,41,17,9,12.479999542236328,11.350000381469727,-8.333964,37.10251
230,1,451,16.399999618530273,10.600000381469727,20.65999984741211,11.260000228881836,-4.741664,37.135082
231,1,48,18.299999237060547,8.399999618530273,22.020000457763672,10.489999771118164,-4.456313,36.671111
232,1,129,16.700000762939453,9.699999809265137,72.970001220703125,8.9399995803833,20.726084,38.806771
233,1,503,26,14,6.909999847412109,13.020000457763672,74.78637,18.267681
234,1,116,13.5,7.900000095367432,26.549999237060547,10.380000114440918,28.585453,41.024474
235,1,503,26,14,6.909999847412109,13.020000457763672,74.780296,18.278918
236,1,11,18.100000381469727,10.300000190734863,3.7100000381469727,13.069999694824219,-6.176003,37.202885
237,1,503,26,14,6.909999847412109,13.020000457763672,74.780296,18.278918
238,1,11,18.100000381469727,10.300000190734863,3.7100000381469727,13.069999694824219,-6.178108,37.206307
239,1,63,20.299999237060547,9.699999809265137,22.420000076293945,11.1899995803833,34.923553,32.623792
240,1,17,17.5,8.899999618530273,9.210000038146973,12.3100004196167,-7.4336,37.2365
241,1,55,16.299999237060547,7.099999904632568,24.31999969482422,10.399999618530273,1.7254,41.2243
242,1,17,17.5,8.899999618530273,9.210000038146973,12.3100004196167,-7.4336,37.2365
243,1,55,16.299999237060547,7.099999904632568,24.31999969482422,10.399999618530273,1.7254,41.2243
244,1,2,18.100000381469727,10.199999809265137,0.38999998569488525,14.369999885559082,-6.045799,37.151588
245,1,2,18.100000381469727,10.199999809265137,0.38999998569488525,14.369999885559082,-6.045799,37.151588
246,1,166,23.5,12.800000190734863,37.68000030517578,10.489999771118164,34.998399,29.630067
247,1,451,16.399999618530273,10.600000381469727,20.65999984741211,11.260000228881836,-4.742242,37.133293
248,1,111,17.100000381469727,10.5,24.530000686645508,10.720000267028809,22.23527,-34.053633
249,1,41,25.799999237060547,8,6.869999885559082,13.109999656677246,39.986791,-3.319612
250,1,48,18.299999237060547,8.399999618530273,22.020000457763672,10.489999771118164,-4.45706,36.6705
251,1,48,18.299999237060547,8.399999618530273,22.020000457763672,10.489999771118164,-4.457055,36.670535
252,1,238,17.200000762939453,12.600000381469727,54.130001068115234,9.550000190734863,18.98231,-33.68632
253,1,0,14.199999809265137,9.800000190734863,4.199999809265137,13.510000228881836,4.406839,43.488398
254,1,31,18.100000381469727,11.199999809265137,9.869999885559082,11.529999732971191,-0.78427,38.185052
255,1,31,18.100000381469727,11.199999809265137,9.869999885559082,11.529999732971191,-0.784377,38.185019
256,1,56,16.200000762939453,7,60.650001525878906,9.390000343322754,2.3653,41.4875
257,1,451,16.399999618530273,10.600000381469727,20.65999984741211,11.260000228881836,-4.741815,37.134613
258,1,451,16.399999618530273,10.600000381469727,20.65999984741211,11.260000228881836,-4.74233,37.134411
259,1,37,17.299999237060547,7.099999904632568,13.569999694824219,11.800000190734863,-6.052896,36.614398
260,1,37,17.299999237060547,7.099999904632568,13.569999694824219,11.800000190734863,-6.057312,36.619362
261,1,1134,21.299999237060547,12,3.5,13.09000015258789,37.267919,-2.659597
262,1,111,17.100000381469727,10.5,24.530000686645508,10.720000267028809,22.220518,-34.047987
263,1,48,18.299999237060547,8.399999618530273,22.020000457763672,10.489999771118164,-4.452406,36.674543
264,1,2,17.700000762939453,9.199999809265137,2.7699999809265137,13.010000228881836,-0.391677,39.302537
265,1,266,16.399999618530273,11.600000381469727,8.399999618530273,12.399999618530273,-6.745277,38.685959
266,1,266,16.399999618530273,11.600000381469727,8.399999618530273,12.399999618530273,-6.746414,38.686493
267,1,687,12.300000190734863,7.699999809265137,33.83000183105469,10.25,2.0278,42.009
268,1,55,16.299999237060547,7.099999904632568,24.31999969482422,10.399999618530273,1.7254,41.2243
269,1,55,16.299999237060547,7.099999904632568,24.31999969482422,10.399999618530273,1.7254,41.2243
270,1,41,17.899999618530273,8.100000381469727,10.010000228881836,11.930000305175781,-2.705079,36.692159
271,1,104,17.799999237060547,10.100000381469727,58.16999816894531,9.479999542236328,0.066007,38.644152
272,1,1,14,10.100000381469727,2.3399999141693115,13.380000114440918,4.092311,43.593491
273,1,27,26,8.100000381469727,6.090000152587891,11.789999961853027,50.565224,26.093483
274,1,1,15.899999618530273,7.900000095367432,14.1899995803833,12.800000190734863,3.100344,42.211986
275,1,975,13,12.300000190734863,4.519999980926514,12.8100004196167,-2.615923,38.836224
276,1,1,15.899999618530273,7.900000095367432,14.1899995803833,12.800000190734863,3.104175,42.242061
277,1,38,17.200000762939453,8.600000381469727,16.389999389648438,10.960000038146973,-0.252295,39.624573
278,1,1,15.899999618530273,7.900000095367432,14.1899995803833,12.800000190734863,3.094733,42.221542
279,1,1,15.899999618530273,7.900000095367432,14.1899995803833,12.800000190734863,3.092051,42.224775
280,1,1,15.899999618530273,7.900000095367432,14.1899995803833,12.800000190734863,3.092051,42.224775
281,1,1,15.899999618530273,7.900000095367432,14.1899995803833,12.800000190734863,3.092051,42.224775
282,1,17,16.700000762939453,7.800000190734863,11.75,12.5,-8.988993,38.955156
283,1,92,16.399999618530273,8.100000381469727,33.810001373291016,10.109999656677246,26.265303,39.218131
284,1,104,17.799999237060547,10.100000381469727,58.16999816894531,9.479999542236328,0.063364,38.642478
285,1,1,15.899999618530273,7.900000095367432,14.1899995803833,12.800000190734863,3.092051,42.224775
286,1,22,17.100000381469727,8.800000190734863,14.100000381469727,11.569999694824219,-8.541861,37.136883
287,1,-4,13.5,7.599999904632568,0.7200000286102295,14.329999923706055,12.327837,45.057273
288,1,1,15.899999618530273,7.900000095367432,14.1899995803833,12.800000190734863,3.092051,42.224775
289,1,1,15.899999618530273,7.900000095367432,14.1899995803833,12.800000190734863,3.092051,42.224775
290,1,-1,13.5,7.699999809265137,0.8899999856948853,14.329999923706055,12.11267,44.655834
291,1,1,16.899999618530273,8,1.6100000143051147,13.3100004196167,-8.974908,38.846798
292,1,250,16,10.300000190734863,74.83000183105469,8.850000381469727,27.063746,38.407977
293,1,17,17.5,8.899999618530273,9.210000038146973,12.3100004196167,-7.42658,37.224261
294,1,-1,13.199999809265137,8.300000190734863,4.239999771118164,13.569999694824219,12.54639,45.507302
295,1,17,16.700000762939453,7.800000190734863,11.75,12.5,-8.988993,38.955156
296,1,18,17,8.300000190734863,6.760000228881836,12.5600004196167,-8.983272,38.74255
297,1,9,16.700000762939453,9.5,6.130000114440918,13.100000381469727,18.51294,-34.09147
298,1,57,16,8.600000381469727,39.5,9.819999694824219,19.09729,-34.35613
299,1,57,16,8.600000381469727,39.5,9.819999694824219,19.11,-34.36
300,1,33,17.100000381469727,9.100000381469727,14.90999984741211,11.130000114440918,-7.868447,37.023342
301,1,169,18.100000381469727,8.5,68.33000183105469,8.670000076293945,27.179303,36.881069
302,1,17,17.5,8.899999618530273,9.210000038146973,12.3100004196167,-7.448151,37.213841
303,1,11,16.600000381469727,7.800000190734863,10.850000381469727,11.84000015258789,3.084215,39.796615
304,1,19,17.399999618530273,9,10.949999809265137,11.039999961853027,-7.618872,37.130859
305,1,17,16.700000762939453,7.800000190734863,11.75,12.5,-8.967491,38.942451
306,1,1020,10.199999809265137,10.300000190734863,9.529999732971191,11.520000457763672,-1.525612,40.974827
307,1,22,15.600000381469727,8.199999809265137,15.449999809265137,11.390000343322754,-8.829721,40.129209
308,1,31,14.899999618530273,8,7.940000057220459,12.25,-8.662744,40.644851
309,1,22,15.600000381469727,8.199999809265137,15.449999809265137,11.390000343322754,-8.829721,40.129209
310,1,1,17.700000762939453,9,1.4800000190734863,13.520000457763672,-0.319718,39.339138
311,1,33,17.100000381469727,9.100000381469727,14.90999984741211,11.130000114440918,-7.868447,37.023342
312,1,37,18.100000381469727,10.100000381469727,20.219999313354492,10.609999656677246,-0.011331,38.870411
313,1,22,15.600000381469727,8.199999809265137,15.449999809265137,11.390000343322754,-8.829721,40.129209
314,1,16,18.100000381469727,7.900000095367432,10.09000015258789,11.9399995803833,-2.644219,36.71571
315,1,0,14.199999809265137,9.800000190734863,4.199999809265137,13.510000228881836,4.406548,43.487552
316,1,18,17,8.300000190734863,6.760000228881836,12.5600004196167,-8.922848,38.748308
317,1,47,19.600000381469727,8.699999809265137,27.170000076293945,11.380000114440918,18.057874,-33.127283
318,1,51,16.5,7.800000190734863,32.97999954223633,11.489999771118164,-9.039743,38.902205
319,1,6,14.100000381469727,10.100000381469727,5.570000171661377,12.680000305175781,3.905347,43.544444
320,1,17,17.5,8.899999618530273,9.210000038146973,12.3100004196167,-7.425765,37.221523
321,1,-4,13.5,7.599999904632568,0.7200000286102295,14.329999923706055,12.328291,45.052531
322,1,31,9.399999618530273,7.699999809265137,1.809999942779541,13.550000190734863,6.7006,52.048191
323,1,31,9.399999618530273,7.699999809265137,1.809999942779541,13.550000190734863,6.699907,52.045758
324,1,56,16.200000762939453,7,60.650001525878906,9.390000343322754,2.3653,41.4875
325,1,55,16.299999237060547,7.099999904632568,24.31999969482422,10.399999618530273,1.7254,41.2243
326,1,55,16.299999237060547,7.099999904632568,24.31999969482422,10.399999618530273,1.7254,41.2243
327,1,55,16.299999237060547,7.099999904632568,24.31999969482422,10.399999618530273,1.7254,41.2243
328,1,55,16.299999237060547,7.099999904632568,24.31999969482422,10.399999618530273,1.7254,41.2243
329,1,66,16.600000381469727,10.699999809265137,20.579999923706055,10.869999885559082,18.768264,-34.080683
330,1,17,17.5,8.899999618530273,9.210000038146973,12.3100004196167,-7.486516,37.178667
331,1,-4,13.5,7.599999904632568,0.7200000286102295,14.329999923706055,12.328698,45.054278
332,1,1,17.700000762939453,9,1.4800000190734863,13.520000457763672,-0.319718,39.339138
333,1,36,16.700000762939453,9.800000190734863,45.2400016784668,10.34000015258789,18.496143,-34.060723
334,1,11,16.600000381469727,7.800000190734863,10.850000381469727,11.84000015258789,3.098239,39.807837
335,1,36,16.700000762939453,9.800000190734863,45.2400016784668,10.34000015258789,18.4961,-34.06097
336,1,5,17.799999237060547,7.900000095367432,6.03000020980835,12.9399995803833,-6.967282,37.208829
337,1,41,25.799999237060547,8,6.869999885559082,13.109999656677246,39.964917,-3.328058
338,1,451,16.399999618530273,10.600000381469727,20.65999984741211,11.260000228881836,-4.741795,37.134331
339,1,NA,NA,NA,NA,NA,80.213712,12.934891
340,1,31,14.899999618530273,8,7.940000057220459,12.25,-8.664543,40.640969
341,1,48,18.299999237060547,8.399999618530273,22.020000457763672,10.489999771118164,-4.452658,36.675243
342,1,3,15.600000381469727,8.300000190734863,7,11.270000457763672,10.594165,42.965834
343,1,1154,14.800000190734863,13.600000381469727,2.990000009536743,12.40999984741211,50.425989,35.944949
344,1,31,9.399999618530273,7.699999809265137,1.809999942779541,13.550000190734863,6.6996,52.046314
345,1,31,9.399999618530273,7.699999809265137,1.809999942779541,13.550000190734863,6.6996,52.046314
346,1,-2,17,8.800000190734863,0.8500000238418579,13.119999885559082,0.747805,40.660211
347,1,36,16.700000762939453,9.800000190734863,45.2400016784668,10.34000015258789,18.492995,-34.062054
348,1,108,16.299999237060547,8.699999809265137,72.08000183105469,8.9399995803833,18.35944,-34.135329
349,1,9,16.700000762939453,9.5,6.130000114440918,13.100000381469727,18.513222,-34.085422
350,1,9,16.700000762939453,9.5,6.130000114440918,13.100000381469727,18.509565,-34.085115
351,1,21,16.700000762939453,9.899999618530273,4.570000171661377,13.029999732971191,18.514771,-34.07487
352,1,0,15.899999618530273,10.199999809265137,11.470000267028809,12.8100004196167,22.833178,40.628311
353,1,9,16.700000762939453,9.5,6.130000114440918,13.100000381469727,18.508493,-34.086501
354,1,-2,13.5,7.5,0.7400000095367432,14.390000343322754,12.403778,44.814768
355,1,4,17,8.199999809265137,2.5799999237060547,12.869999885559082,-8.951359,38.827134
356,1,21,16.700000762939453,9.899999618530273,4.570000171661377,13.029999732971191,18.510201,-34.083151
357,1,-1,15.899999618530273,10.199999809265137,12.039999961853027,12.869999885559082,22.830765,40.582898
358,1,111,17.100000381469727,10.5,24.530000686645508,10.720000267028809,22.235053,-34.052555
359,1,21,16.700000762939453,9.899999618530273,4.570000171661377,13.029999732971191,18.51022,-34.056675
360,1,21,16.700000762939453,9.899999618530273,4.570000171661377,13.029999732971191,18.513766,-34.077752
361,1,66,16.600000381469727,10.699999809265137,20.579999923706055,10.869999885559082,18.764436,-34.079147
362,1,21,16.700000762939453,9.899999618530273,4.570000171661377,13.029999732971191,18.512386,-34.083286
363,1,25,17.100000381469727,9.199999809265137,11.279999732971191,11.220000267028809,-8.005506,37.020764
364,1,19,17.200000762939453,9.100000381469727,13.390000343322754,11.109999656677246,-7.987458,37.014919
365,1,29,16.799999237060547,8.100000381469727,9.760000228881836,12.149999618530273,-9.143971,38.64424
366,1,2,17.600000381469727,9,2.5799999237060547,12.84000015258789,-0.403458,39.403878
367,1,108,16.299999237060547,8.699999809265137,72.08000183105469,8.9399995803833,18.359643,-34.13581
368,1,19,17.399999618530273,9,10.949999809265137,11.039999961853027,-7.625142,37.110547
369,1,18,17,8.300000190734863,6.760000228881836,12.5600004196167,-8.99218,38.702032
370,1,7,13.100000381469727,9,5.119999885559082,12.119999885559082,12.325608,44.240983
371,1,18,17,8.300000190734863,6.760000228881836,12.5600004196167,-8.980854,38.742706
372,1,6,14.100000381469727,10.100000381469727,5.570000171661377,12.680000305175781,3.902217,43.554541
373,1,4,16,10,20.520000457763672,11.670000076293945,22.84382,40.62525
374,1,-1,15.899999618530273,10.199999809265137,12.039999961853027,12.869999885559082,22.822343,40.575108
375,1,51,16.5,7.800000190734863,32.97999954223633,11.489999771118164,-9.03858,38.885323
376,1,17,14.800000190734863,9.600000381469727,13.229999542236328,11.779999732971191,3.206158,43.221291
377,1,-1,13.399999618530273,7.800000190734863,4.510000228881836,13.640000343322754,12.147145,44.550965
378,1,9,16.700000762939453,9.5,6.130000114440918,13.100000381469727,18.511364,-34.093685
379,1,31,18.100000381469727,11.199999809265137,9.869999885559082,11.529999732971191,-0.791245,38.187985
380,1,17,17.5,8.899999618530273,9.210000038146973,12.3100004196167,-7.447284,37.211159
381,1,7,18.200000762939453,10.800000190734863,4.690000057220459,12.800000190734863,-0.77279,37.818245
382,1,14,16.5,8.600000381469727,11.220000267028809,13.010000228881836,9.155881,39.228393
383,1,16,18.200000762939453,10.199999809265137,20.15999984741211,12.390000343322754,-0.718094,37.634923
384,1,1092,22.899999618530273,16.100000381469727,1.649999976158142,14.479999542236328,17.020523,-18.745456
385,1,0,14.199999809265137,9.800000190734863,1.7000000476837158,13.920000076293945,4.581359,43.454204
386,1,4,16.200000762939453,8.800000190734863,4.960000038146973,12.779999732971191,16.085557,41.372172
387,1,1,15.899999618530273,7.900000095367432,14.1899995803833,12.800000190734863,3.099255,42.213841
388,1,37,15,9,26.059999465942383,10.9399995803833,10.92482,42.773107
389,1,0,14.199999809265137,9.800000190734863,1.7000000476837158,13.920000076293945,4.573386,43.45483
390,1,1,17.700000762939453,9,1.4800000190734863,13.520000457763672,-0.317492,39.335953
391,1,1,17.700000762939453,9,1.4800000190734863,13.520000457763672,-0.31745,39.33596
392,1,1122,22.200000762939453,17.200000762939453,2.069999933242798,13.789999961853027,15.941018,-19.315238
393,1,3,15.300000190734863,8,25.440000534057617,10.460000038146973,6.13426,43.064428
394,1,1,17.700000762939453,9,1.4800000190734863,13.520000457763672,-0.31721,39.335847
395,1,1,17.700000762939453,9,1.4800000190734863,13.520000457763672,-0.317512,39.335985
396,1,1,17.700000762939453,9,1.4800000190734863,13.520000457763672,-0.318565,39.33352
397,1,1,17.700000762939453,9,1.4800000190734863,13.520000457763672,-0.317502,39.336007
398,1,NA,NA,NA,NA,NA,70.00996,50.64444
399,1,304,2.5999999046325684,11.699999809265137,1.059999942779541,13.84000015258789,69.57069,50.62517
400,1,NA,NA,NA,NA,NA,-9.204112,39.403284
401,1,67,14.699999809265137,9.399999618530273,30.219999313354492,10.930000305175781,3.083375,43.093211
402,1,29,16.799999237060547,8.100000381469727,9.760000228881836,12.149999618530273,-9.144143,38.644851
403,1,1,15.899999618530273,7.900000095367432,14.1899995803833,12.800000190734863,3.095027,42.213267
404,1,5,16.600000381469727,7,2.940000057220459,11.75,2.121111,41.306808
405,1,1,15.899999618530273,7.900000095367432,14.1899995803833,12.800000190734863,3.095601,42.213286
406,1,250,16,10.300000190734863,74.83000183105469,8.850000381469727,27.046039,38.408863
407,1,4,17,8.199999809265137,2.5799999237060547,12.869999885559082,-8.951776,38.753216
408,1,1,15.899999618530273,7.900000095367432,14.1899995803833,12.800000190734863,3.102204,42.206684
409,1,62,17.200000762939453,12.300000190734863,14.100000381469727,11.199999809265137,17.360462,-30.472771
410,1,1,15.899999618530273,7.900000095367432,14.1899995803833,12.800000190734863,3.09603,42.212708
411,1,1,15.899999618530273,7.900000095367432,14.1899995803833,12.800000190734863,3.100866,42.211568
412,1,51,16.5,7.800000190734863,32.97999954223633,11.489999771118164,-9.039743,38.902205
413,1,1,15.899999618530273,7.900000095367432,14.1899995803833,12.800000190734863,3.093967,42.223186
414,1,18,17,8.300000190734863,6.760000228881836,12.5600004196167,-8.991627,38.709316
415,1,-1,13.199999809265137,8.600000381469727,7.590000152587891,13.279999732971191,12.315398,44.278071
416,1,615,14.699999809265137,12.600000381469727,6.960000038146973,13.109999656677246,-3.697037,39.138028
417,1,451,16.399999618530273,10.600000381469727,20.65999984741211,11.260000228881836,-4.743347,37.131287
418,1,451,16.399999618530273,10.600000381469727,20.65999984741211,11.260000228881836,-4.739428,37.131003
419,1,451,16.399999618530273,10.600000381469727,20.65999984741211,11.260000228881836,-4.743347,37.131287
420,1,-2,17,8.800000190734863,0.8500000238418579,13.119999885559082,0.74359,40.649897
421,1,1,13.199999809265137,8.600000381469727,2.5399999618530273,14.020000457763672,12.340536,44.250533
422,1,31,11.600000381469727,7.300000190734863,11.020000457763672,11.899999618530273,28.707249,44.492391
423,1,615,14.699999809265137,12.600000381469727,6.960000038146973,13.109999656677246,-3.697037,39.138028
424,1,18,23.700000762939453,9.300000190734863,11.819999694824219,11.109999656677246,35.463403,-21.609794
425,1,1,15.899999618530273,7.900000095367432,14.1899995803833,12.800000190734863,3.113763,42.240266
426,1,451,16.399999618530273,10.600000381469727,20.65999984741211,11.260000228881836,-4.740214,37.131946
427,1,451,16.399999618530273,10.600000381469727,20.65999984741211,11.260000228881836,-4.743347,37.131287
428,1,18,17,8.300000190734863,6.760000228881836,12.5600004196167,-8.992658,38.707173
429,1,3,16.100000381469727,8.399999618530273,3.0299999713897705,13.1899995803833,19.496102,40.97391
430,1,26,15.100000381469727,9.199999809265137,33.099998474121094,11.239999771118164,3.007923,42.926364
431,1,17,17.5,8.899999618530273,9.210000038146973,12.3100004196167,-7.444844,37.209731
432,1,NA,NA,NA,NA,NA,5.886644,51.928198
433,1,86,15.699999809265137,8,27.6299991607666,10.010000228881836,15.561915,41.913534
434,1,451,16.399999618530273,10.600000381469727,20.65999984741211,11.260000228881836,-4.742489,37.131595
435,1,6,17.399999618530273,9,9.970000267028809,11.350000381469727,-7.676389,37.07861
436,1,48,18.299999237060547,8.399999618530273,22.020000457763672,10.489999771118164,-4.45702,36.6705
437,1,37,17.299999237060547,7.099999904632568,13.569999694824219,11.800000190734863,-6.050761,36.61596
438,1,31,11.600000381469727,7.300000190734863,11.020000457763672,11.899999618530273,28.707249,44.492391
439,1,1090,22.899999618530273,16.200000762939453,2.2300000190734863,13.8100004196167,16.916701,-18.798524
440,1,41,17.899999618530273,8.100000381469727,10.010000228881836,11.930000305175781,-2.70239,36.694088
441,1,876,17.299999237060547,14.100000381469727,4.5,12.699999809265137,51.465894,35.309035
442,1,876,17.299999237060547,14.100000381469727,4.5,12.699999809265137,51.467247,35.310447
443,1,2,17.799999237060547,8.5,1.8700000047683716,13.640000343322754,-6.32256,36.84589
444,1,4,17.799999237060547,8.600000381469727,2.119999885559082,13.920000076293945,-6.338103,36.888263
445,1,11,18.100000381469727,10.300000190734863,3.7100000381469727,13.069999694824219,-6.184368,37.20152
446,1,30,18.399999618530273,8.800000190734863,13.430000305175781,11.729999542236328,18.149208,-33.170844
447,1,647,14.399999618530273,12.199999809265137,4.980000019073486,13.100000381469727,-3.210099,39.390135
448,1,31,9.399999618530273,7.699999809265137,1.809999942779541,13.550000190734863,6.699088,52.047119
449,1,31,9.399999618530273,7.699999809265137,1.809999942779541,13.550000190734863,6.69619,52.045002
450,1,31,9.399999618530273,7.699999809265137,1.809999942779541,13.550000190734863,6.698512,52.046429
451,1,48,18.299999237060547,8.399999618530273,22.020000457763672,10.489999771118164,-4.457057,36.67049
452,1,17,16.899999618530273,9.100000381469727,12.319999694824219,11.720000267028809,0.744521,40.767761
453,1,-1,16.899999618530273,8.699999809265137,0.4300000071525574,13.920000076293945,0.758057,40.733346
454,1,10,14.699999809265137,9.800000190734863,4.789999961853027,12.449999809265137,3.3485,43.2786
455,1,2,26.899999618530273,12.100000381469727,3.5899999141693115,13.630000114440918,55.322644,25.191265
456,1,686,14,12.100000381469727,4.289999961853027,12.890000343322754,-3.05369,39.513334
457,1,0,14.199999809265137,9.699999809265137,2.7899999618530273,13.8100004196167,4.783851,43.365407
458,1,686,14,12.100000381469727,4.289999961853027,12.890000343322754,-3.05369,39.513334
459,1,-1,13.399999618530273,7.800000190734863,4.510000228881836,13.640000343322754,12.1035,44.581056
460,1,108,16.299999237060547,8.699999809265137,72.08000183105469,8.9399995803833,18.365747,-34.133173
461,1,1,15.899999618530273,7.900000095367432,14.1899995803833,12.800000190734863,3.10367,42.206776
462,1,31,9.399999618530273,7.699999809265137,1.809999942779541,13.550000190734863,6.703989,52.047886
463,1,-1,13.5,7.5,NA,14.5,12.434822,45.000733
464,1,900,13.199999809265137,11.800000190734863,11.210000038146973,11.550000190734863,-1.562554,38.83952
465,1,-1,13.5,7.5,NA,14.5,12.434822,45.000733
466,1,NA,NA,NA,NA,NA,-8.698307,40.7249
467,1,1,14.100000381469727,10,2.2899999618530273,13.819999694824219,4.468983,43.593909
468,1,-1,13.5,7.5,NA,14.5,12.434822,45.000733
469,1,108,16.299999237060547,8.699999809265137,72.08000183105469,8.9399995803833,18.365821,-34.132126
470,1,19,17.200000762939453,9.100000381469727,13.390000343322754,11.109999656677246,-7.922059,37.015067
471,1,686,14,12.100000381469727,4.289999961853027,12.890000343322754,-3.05369,39.513334
472,1,17,17.5,8.899999618530273,9.210000038146973,12.3100004196167,-7.444051,37.212503
473,1,NA,NA,NA,NA,NA,22.773869,-34.021715
474,1,18,17,8.300000190734863,6.760000228881836,12.5600004196167,-8.98396,38.703288
475,1,4,16.399999618530273,10.100000381469727,2.390000104904175,14.079999923706055,14.485867,-22.962946
476,1,-2,13.5,7.599999904632568,0.9700000286102295,14.279999732971191,12.240579,44.685784
477,1,33,17.100000381469727,9.100000381469727,14.90999984741211,11.130000114440918,-7.900206,37.019798
478,1,1,17.700000762939453,9,1.4800000190734863,13.520000457763672,-0.319718,39.339138
479,1,83,15.5,9.899999618530273,18.649999618530273,10.710000038146973,23.150469,40.669739
480,1,18,17,8.300000190734863,6.760000228881836,12.5600004196167,-8.981423,38.743217
481,1,104,17.799999237060547,10.100000381469727,58.16999816894531,9.479999542236328,0.063562,38.64248
482,1,51,16.5,7.800000190734863,32.97999954223633,11.489999771118164,-9.039743,38.902205
483,1,4,18.200000762939453,9.300000190734863,5.5,11.699999809265137,-2.287664,35.099883
484,1,1,13.199999809265137,8.600000381469727,2.5399999618530273,14.020000457763672,12.347682,44.263549
485,1,4,17.799999237060547,8.600000381469727,2.119999885559082,13.920000076293945,-6.333374,36.852932
486,1,104,17.799999237060547,10.100000381469727,58.16999816894531,9.479999542236328,0.063562,38.64248
487,1,104,17.799999237060547,10.100000381469727,58.16999816894531,9.479999542236328,0.0633,38.642593
488,1,5,17.799999237060547,7.900000095367432,6.03000020980835,12.9399995803833,-6.9746880000000004,37.247047
489,1,266,16.399999618530273,11.600000381469727,8.399999618530273,12.399999618530273,-6.745199,38.686226
490,1,13,17.799999237060547,8,6.75,12.420000076293945,-6.970363,37.250327
491,1,18,17,8.300000190734863,6.760000228881836,12.5600004196167,-8.985923,38.703318
492,1,13,17.799999237060547,8,6.75,12.420000076293945,-6.970305,37.251267
493,1,16,13,8.399999618530273,9.550000190734863,11.760000228881836,27.468238,42.571379
494,1,104,17.799999237060547,10.100000381469727,58.16999816894531,9.479999542236328,0.064527,38.644887
495,1,17,16.899999618530273,9.100000381469727,12.319999694824219,11.720000267028809,0.711865,40.786305
496,1,48,18.299999237060547,8.399999618530273,22.020000457763672,10.489999771118164,-4.455604,36.671039
497,1,24,14.5,9.5,9.9399995803833,11.84000015258789,10.799955,43.800085
498,1,1,15.899999618530273,7.900000095367432,14.1899995803833,12.800000190734863,3.096418,42.222492
499,1,0,14.199999809265137,9.800000190734863,4.03000020980835,13.960000038146973,4.433238,43.459163
500,1,1,15.899999618530273,7.900000095367432,14.1899995803833,12.800000190734863,3.101245,42.209932
501,0,549,21.700000762939453,16.600000381469727,14.109999656677246,12.970000267028809,25.875,24.791666666666636
502,0,4198,-2.0999999046325684,8.899999618530273,221.44000244140625,7.329999923706055,72.625,36.625
503,0,274,28.799999237060547,16.899999618530273,1.7699999809265137,13.84000015258789,-2.208333333333336,18.625
504,0,232,23.799999237060547,13.399999618530273,0.6800000071525574,13.449999809265137,74.70833333333334,32.125
505,0,830,24.399999618530273,11.600000381469727,10.029999732971191,11.970000267028809,28.958333333333336,3.125
506,0,378,11.5,9.199999809265137,26.18000030517578,10.819999694824219,7.541666666666666,45.2083333333333
507,0,376,28.899999618530273,15.399999618530273,1.559999942779541,14.529999732971191,34.291666666666664,18.541666666666636
508,0,147,27.799999237060547,12.300000190734863,3.7100000381469727,14.229999542236328,47.04166666666667,4.875
509,0,149,24.5,7.599999904632568,21.979999542236328,11.069999694824219,12.375,-5.5416666666667
510,0,14,6.699999809265137,11.100000381469727,1.2699999809265137,14.510000228881836,52.79166666666667,49.7083333333333
511,0,286,22.399999618530273,15.699999809265137,0.699999988079071,14.319999694824219,21.291666666666664,25.375
512,0,1693,17,15.399999618530273,0.9599999785423279,13.029999732971191,55.54166666666667,29.375
513,0,540,21.899999618530273,14.899999618530273,30.190000534057617,10.770000457763672,31.291666666666664,-20.708333333333357
514,0,1148,13.800000190734863,10.100000381469727,10.449999809265137,12.25,1.375,34.9583333333333
515,0,891,7.599999904632568,9.300000190734863,198.05999755859375,7.590000152587891,13.291666666666666,46.291666666666636
516,0,2406,5.599999904632568,12.199999809265137,90.160003662109375,8.020000457763672,47.958333333333336,38.375
517,0,407,28.5,15.199999809265137,2.869999885559082,13.640000343322754,0.208333333333332,21.041666666666636
518,0,8,16.600000381469727,5.400000095367432,NA,10.90999984741211,10.041666666666666,42.625
519,0,575,26,11.100000381469727,7.889999866485596,12.880000114440918,76.125,15.9583333333333
520,0,160,24.700000762939453,8.399999618530273,26.520000457763672,10.789999961853027,11.125,-3.5416666666667
521,0,1007,21.899999618530273,13.300000190734863,16.559999465942383,11.5,13.958333333333334,-17.125
522,0,161,11.100000381469727,9.399999618530273,35.709999084472656,9.989999771118164,26.791666666666664,43.2083333333333
523,0,163,22.100000381469727,14.899999618530273,7.159999847412109,13.069999694824219,6.041666666666666,31.9583333333333
524,0,2135,13.100000381469727,16.200000762939453,67.93000030517578,9.75,51.458333333333336,31.2083333333333
525,0,2145,14.399999618530273,16,20.15999984741211,10.869999885559082,57.54166666666667,29.625
526,0,362,29.100000381469727,14.899999618530273,1.0499999523162842,14.020000457763672,4.875,16.625
527,0,926,21.5,14.5,8.119999885559082,12.630000114440918,40.875,27.791666666666636
528,0,450,24.799999237060547,14,4.829999923706055,12.6899995803833,33.791666666666664,23.2083333333333
529,0,424,6.699999809265137,12.699999809265137,3.809999942779541,13.609999656677246,70.79166666666667,46.375
530,0,5361,-9.699999809265137,8.199999809265137,277.0400085449219,6.650000095367432,72.45833333333334,36.791666666666636
531,0,90,27.600000381469727,12,3.9200000762939453,14.239999771118164,55.04166666666667,20.125
532,0,1811,6.699999809265137,12.800000190734863,73.19000244140625,8.640000343322754,37.625,40.041666666666636
533,0,187,26.700000762939453,9.5,9.300000190734863,12.199999809265137,3.708333333333332,7.4583333333333
534,0,427,4.599999904632568,10.699999809265137,8.449999809265137,12.210000038146973,66.45833333333334,48.4583333333333
535,0,436,26.799999237060547,15.699999809265137,1.309999942779541,15.0600004196167,10.708333333333334,20.041666666666636
536,0,278,29.100000381469727,14.100000381469727,3.4000000953674316,13.140000343322754,-1.375,14.541666666666636
537,0,229,20.700000762939453,16.100000381469727,2.5,13.210000038146973,20.208333333333336,28.4583333333333
538,0,90,27.200000762939453,10.199999809265137,2.450000047683716,14.319999694824219,56.95833333333334,21.2083333333333
539,0,89,26.200000762939453,8.399999618530273,11.010000228881836,11.699999809265137,59.45833333333334,25.625
540,0,460,27.200000762939453,15.899999618530273,4.179999828338623,13.720000267028809,10.375,17.2083333333333
541,0,1735,9.600000381469727,11.199999809265137,179.94000244140625,7.309999942779541,44.708333333333336,37.041666666666636
542,0,236,24.700000762939453,16.399999618530273,3.049999952316284,13.869999885559082,29.375,23.2083333333333
543,0,783,18,15.699999809265137,16.469999313354492,12.479999542236328,60.625,34.2083333333333
544,0,368,24,16.700000762939453,1.0099999904632568,13.640000343322754,27.541666666666664,22.791666666666636
545,0,113,25.899999618530273,11.800000190734863,12.180000305175781,11.960000038146973,44.79166666666667,-16.7916666666667
546,0,104,11.300000190734863,9.600000381469727,5.380000114440918,12.90999984741211,21.375,44.9583333333333
547,0,530,12.300000190734863,9.699999809265137,48.630001068115234,9.8100004196167,-2.625,42.541666666666636
548,0,25,24.200000762939453,10.800000190734863,2.4000000953674316,13.800000190734863,34.458333333333336,-20.458333333333357
549,0,5,26.799999237060547,8,1.9299999475479126,13.369999885559082,6.708333333333332,4.625
550,0,728,15.800000190734863,11.199999809265137,99.279998779296875,8.350000381469727,-3.791666666666669,37.7083333333333
551,0,303,25.700000762939453,16.600000381469727,4.940000057220459,13.050000190734863,29.708333333333336,21.2083333333333
552,0,697,18.700000762939453,14.100000381469727,8.6899995803833,12.819999694824219,3.791666666666664,33.291666666666636
553,0,314,27,13.100000381469727,5.840000152587891,13.859999656677246,49.125,20.375
554,0,22,26.299999237060547,7.099999904632568,10.850000381469727,11.850000381469727,9.791666666666666,0.041666666666636
555,0,62,13,9.5,2.240000009536743,13.350000381469727,9.791666666666666,45.291666666666636
556,0,564,26.200000762939453,11.5,5.980000019073486,13.109999656677246,78.54166666666667,17.875
557,0,691,23.200000762939453,15.600000381469727,29.520000457763672,10.510000228881836,65.04166666666667,26.4583333333333
558,0,606,24.399999618530273,11.399999618530273,13.390000343322754,11.800000190734863,24.291666666666664,4.791666666666636
559,0,666,22.200000762939453,17.700000762939453,5.019999980926514,13.720000267028809,64.04166666666667,30.625
560,0,419,7.5,8.699999809265137,23.170000076293945,10.84000015258789,13.541666666666666,49.625
561,0,869,7.5,9.399999618530273,75.4000015258789,9.229999542236328,23.375,45.4583333333333
562,0,845,19.5,13.899999618530273,6.710000038146973,13.079999923706055,-0.791666666666668,32.041666666666636
563,0,4563,-7.199999809265137,9.699999809265137,265.0799865722656,7.059999942779541,72.70833333333334,39.291666666666636
564,0,472,24.700000762939453,10,10.710000038146973,11.949999809265137,24.625,0.125
565,0,74,9.5,9,0.9800000190734863,14.210000038146973,34.375,47.125
566,0,1544,19,13,24.389999389648438,11.029999732971191,39.708333333333336,5.375
567,0,565,22.299999237060547,12,10.880000114440918,11.930000305175781,34.125,25.375
568,0,1612,20.5,10.699999809265137,38.459999084472656,10.399999618530273,29.541666666666664,-7.2916666666667
569,0,952,22.299999237060547,15.899999618530273,0.6499999761581421,15.119999885559082,22.458333333333336,-19.875
570,0,979,19.100000381469727,12.800000190734863,104.55000305175781,8.649999618530273,72.29166666666667,34.541666666666636
571,0,255,15.199999809265137,13.699999809265137,6.820000171661377,14.079999923706055,64.29166666666667,39.125
572,0,717,20.899999618530273,14.199999809265137,10.270000457763672,13.039999961853027,-1.708333333333336,31.375
573,0,215,6,11.899999618530273,5.119999885559082,13,57.95833333333334,48.125
574,0,241,11.199999809265137,9.699999809265137,13.779999732971191,11.0600004196167,23.625,43.375
575,0,11,9.600000381469727,8.899999618530273,7.75,13.069999694824219,40.791666666666664,47.625
576,0,739,24.100000381469727,13,57.68000030517578,10.170000076293945,13.625,7.7083333333333
577,0,310,23,16.600000381469727,30.610000610351562,10.970000267028809,7.625,29.541666666666636
578,0,174,17.299999237060547,10.600000381469727,12.970000267028809,12.15999984741211,-8.208333333333336,33.125
579,0,1055,22.100000381469727,15.5,0.6000000238418579,14.630000114440918,25.291666666666664,-18.0416666666667
580,0,235,26.399999618530273,13.5,6.760000228881836,12.90999984741211,73.95833333333334,24.041666666666636
581,0,587,27.799999237060547,14.899999618530273,10.09000015258789,12.539999961853027,1.875,19.125
582,0,737,24,11.699999809265137,18.270000457763672,11.279999732971191,21.708333333333336,-6.625
583,0,187,28.5,13.5,10.0600004196167,12.449999809265137,1.458333333333332,11.625
584,0,431,24.799999237060547,9.600000381469727,18.219999313354492,11.329999923706055,20.041666666666664,-3.625
585,0,430,22.399999618530273,15.899999618530273,2.9100000858306885,15.029999732971191,18.458333333333336,24.7083333333333
586,0,1243,19.600000381469727,14.600000381469727,8.34000015258789,12.75,27.375,-16.5416666666667
587,0,328,25.299999237060547,9.300000190734863,2.0799999237060547,13.4399995803833,18.458333333333336,-0.208333333333364
588,0,529,25.100000381469727,17.700000762939453,12.399999618530273,11.75,18.541666666666664,6.541666666666636
589,0,111,7,9.399999618530273,7.710000038146973,12.5600004196167,44.708333333333336,49.9583333333333
590,0,148,28,12.5,7.110000133514404,12.609999656677246,0.541666666666664,9.875
591,0,505,26.5,12.600000381469727,10.5,12.029999732971191,77.29166666666667,19.9583333333333
592,0,45,27.100000381469727,11.300000190734863,4.25,12.59000015258789,51.125,24.7083333333333
593,0,64,19,11.899999618530273,6.53000020980835,11.319999694824219,36.041666666666664,37.375
594,0,131,27.600000381469727,12,1.440000057220459,14.25,55.54166666666667,22.9583333333333
595,0,1155,20.899999618530273,15.199999809265137,6.920000076293945,12.640000343322754,24.958333333333336,-14.875
596,0,451,27.100000381469727,16,1.7999999523162842,14.399999618530273,10.541666666666666,17.7083333333333
597,0,1005,19.299999237060547,14.899999618530273,60.59000015258789,9.989999771118164,54.458333333333336,33.7083333333333
598,0,359,27.700000762939453,17,3.180000066757202,13.510000228881836,29.291666666666664,17.375
599,0,117,10,11.800000190734863,0.7900000214576721,14.770000457763672,65.04166666666667,45.041666666666636
600,0,602,25.100000381469727,12.199999809265137,17.1299991607666,11.279999732971191,25.041666666666664,5.541666666666636
601,0,443,24.899999618530273,10,17.299999237060547,11.3100004196167,22.291666666666664,1.625
602,0,218,26.299999237060547,12,2.549999952316284,13.65999984741211,49.458333333333336,24.7083333333333
603,0,1541,19.100000381469727,16.799999237060547,9.710000038146973,12.640000343322754,17.791666666666664,-22.708333333333357
604,0,306,12.699999809265137,7.800000190734863,14.6899995803833,12.739999771118164,7.791666666666666,44.625
605,0,515,10.100000381469727,10.300000190734863,30.139999389648438,10.399999618530273,1.708333333333332,45.625
606,0,429,27.299999237060547,15.199999809265137,6.730000019073486,12.539999961853027,20.958333333333336,17.625
607,0,533,27.399999618530273,14.800000190734863,2.759999990463257,14.640000343322754,30.291666666666664,14.2083333333333
608,0,160,11.899999618530273,12.100000381469727,4.230000019073486,13.329999923706055,64.20833333333334,43.541666666666636
609,0,1025,24.299999237060547,15.899999618530273,27.100000381469727,10.779999732971191,22.291666666666664,17.375
610,0,14,16,10,3.3499999046325684,12.279999732971191,15.791666666666666,41.4583333333333
611,0,1633,18.5,11.699999809265137,23.950000762939453,10.739999771118164,31.625,-11.458333333333364
612,0,1310,21.299999237060547,11.800000190734863,56.41999816894531,10,35.625,-2.458333333333364
613,0,1706,14.199999809265137,15.399999618530273,35.630001068115234,10.1899995803833,28.041666666666664,-28.375
614,0,499,24.799999237060547,11.100000381469727,9.5,12.029999732971191,23.125,3.791666666666636
615,0,527,24.5,11.899999618530273,13.470000267028809,11.710000038146973,20.625,5.041666666666636
616,0,78,26.399999618530273,11,6.679999828338623,13,55.875,25.4583333333333
617,0,625,24.399999618530273,15.699999809265137,10.3100004196167,12.890000343322754,22.625,20.291666666666636
618,0,1440,22.200000762939453,12.199999809265137,48.709999084472656,9.720000267028809,34.875,3.041666666666636
619,0,355,29,15.5,2.8399999141693115,13.510000228881836,-0.375,20.041666666666636
620,0,301,25.700000762939453,9.100000381469727,3.7699999809265137,13.210000038146973,16.541666666666664,-1.375
621,0,240,26.899999618530273,12.699999809265137,4.03000020980835,13.8100004196167,51.458333333333336,19.4583333333333
622,0,167,27.399999618530273,12.800000190734863,1.5499999523162842,14.350000381469727,51.375,20.791666666666636
623,0,1326,17.899999618530273,15.300000190734863,7.920000076293945,11.569999694824219,53.29166666666667,32.791666666666636
624,0,343,26,13.800000190734863,11.289999961853027,12.569999694824219,76.375,24.4583333333333
625,0,200,29.299999237060547,15.399999618530273,1.7100000381469727,13.829999923706055,17.208333333333336,16.4583333333333
626,0,370,23.799999237060547,17.399999618530273,36.34000015258789,11.710000038146973,32.375,24.875
627,0,1524,20.799999237060547,11.199999809265137,15.199999809265137,11.270000457763672,30.791666666666664,2.625
628,0,473,22.299999237060547,15.300000190734863,0.8199999928474426,14.619999885559082,14.958333333333334,26.791666666666636
629,0,209,26.5,15.100000381469727,11.460000038146973,13.0600004196167,32.541666666666664,22.9583333333333
630,0,-1,10.399999618530273,7.800000190734863,3.559999942779541,13.760000228881836,31.958333333333336,46.541666666666636
631,0,1512,17.600000381469727,12.800000190734863,19.049999237060547,11.34000015258789,31.208333333333336,-17.7916666666667
632,0,471,19.799999237060547,13.800000190734863,8.739999771118164,11.3100004196167,44.041666666666664,36.291666666666636
633,0,1527,9.5,11.100000381469727,94.11000061035156,8.649999618530273,31.125,37.791666666666636
634,0,387,27,13.5,0.7099999785423279,14.800000190734863,47.708333333333336,20.541666666666636
635,0,-14,7.900000095367432,11,0.6299999952316284,14.729999542236328,50.708333333333336,48.4583333333333
636,0,1875,15.100000381469727,15.899999618530273,77.720001220703125,8.859999656677246,53.708333333333336,32.2083333333333
637,0,331,25.399999618530273,9.5,4.090000152587891,12.670000076293945,15.791666666666666,-1.125
638,0,953,23.899999618530273,15.600000381469727,6.260000228881836,12.8100004196167,42.791666666666664,24.875
639,0,231,21.700000762939453,16.100000381469727,0.75,14.619999885559082,20.375,26.625
640,0,891,24.700000762939453,9.800000190734863,25.420000076293945,10.479999542236328,42.708333333333336,12.041666666666636
641,0,378,25.899999618530273,11.899999618530273,2.890000104904175,14.359999656677246,50.208333333333336,18.2083333333333
642,0,296,24.5,12.100000381469727,10.130000114440918,12.5600004196167,39.791666666666664,-14.2916666666667
643,0,686,25.399999618530273,13.699999809265137,3.8299999237060547,14.640000343322754,45.708333333333336,7.875
644,0,1168,6.099999904632568,9.600000381469727,203.60000610351562,7.300000190734863,12.708333333333334,46.375
645,0,284,7.800000190734863,8.800000190734863,8.010000228881836,12.010000228881836,26.125,48.9583333333333
646,0,1410,19.200000762939453,16.399999618530273,23.260000228881836,10.859999656677246,65.45833333333334,27.291666666666636
647,0,403,27.700000762939453,14.699999809265137,4.429999828338623,13.600000381469727,7.208333333333334,14.291666666666636
648,0,-28,12,7.5,0.28999999165534973,14.899999618530273,47.958333333333336,43.375
649,0,144,26.600000381469727,8,22.739999771118164,11.289999961853027,10.125,4.375
650,0,498,25.399999618530273,10.300000190734863,6.130000114440918,12.279999732971191,25.791666666666664,-3.625
651,0,437,28.299999237060547,13.5,2.859999895095825,12.880000114440918,14.208333333333334,10.4583333333333
652,0,150,22,14.899999618530273,7.099999904632568,13.279999732971191,7.791666666666666,31.875
653,0,304,29.5,15.899999618530273,0.5699999928474426,14.930000305175781,17.041666666666664,13.541666666666636
654,0,1027,22.700000762939453,15.600000381469727,0.5799999833106995,14.859999656677246,23.125,-14.875
655,0,32,17.899999618530273,5.599999904632568,12.079999923706055,12.479999542236328,12.208333333333334,-18.625
656,0,1418,14.899999618530273,16.399999618530273,8.529999732971191,11.989999771118164,22.291666666666664,-31.125
657,0,3433,0,9.800000190734863,239.72999572753906,7.170000076293945,68.70833333333334,35.375
658,0,617,24.399999618530273,12.899999618530273,11.5600004196167,11.630000114440918,22.208333333333336,5.625
659,0,1811,18.299999237060547,11.100000381469727,38.83000183105469,9.5,29.291666666666664,-1.625
660,0,78,23.200000762939453,10.699999809265137,9.539999961853027,12.069999694824219,34.541666666666664,-24.7916666666667
661,0,408,21,15.699999809265137,7.699999809265137,12.710000038146973,31.875,26.9583333333333
662,0,865,23.799999237060547,10.800000190734863,34.45000076293945,10.430000305175781,28.125,-3.375
663,0,-26,10.199999809265137,10.600000381469727,0.8100000023841858,14.800000190734863,48.125,46.125
664,0,481,26.200000762939453,14.899999618530273,16.8700008392334,11.319999694824219,2.791666666666664,24.541666666666636
665,0,45,25.299999237060547,12,4,14.020000457763672,36.208333333333336,-17.708333333333357
666,0,291,21.100000381469727,16.299999237060547,1.2699999809265137,14.289999961853027,18.958333333333336,26.875
667,0,1715,13.899999618530273,15.699999809265137,91.51000213623047,9.079999923706055,-5.208333333333336,32.041666666666636
668,0,689,24.799999237060547,12.100000381469727,14.470000267028809,12.029999732971191,27.791666666666664,-6.958333333333364
669,0,1228,20.899999618530273,14.899999618530273,12.84000015258789,12.130000114440918,20.375,-11.958333333333357
670,0,1702,8.199999809265137,10.699999809265137,94.30000305175781,8.229999542236328,31.041666666666664,38.4583333333333
671,0,292,5.300000190734863,11,5.289999961853027,13.0600004196167,66.54166666666667,50.291666666666636
672,0,291,29.5,14.600000381469727,3.4700000286102295,13.170000076293945,2.125,15.375
673,0,149,25.700000762939453,10.399999618530273,4.309999942779541,13.420000076293945,70.79166666666667,21.4583333333333
674,0,1171,9.699999809265137,12.899999618530273,30.790000915527344,10.40999984741211,35.041666666666664,38.7083333333333
675,0,490,24.799999237060547,10.800000190734863,23.450000762939453,10.850000381469727,60.04166666666667,26.2083333333333
676,0,1237,21,12.199999809265137,13.699999809265137,11.550000190734863,15.541666666666666,-8.375
677,0,1509,18.799999237060547,14.5,60.380001068115234,9.09000015258789,58.29166666666667,29.291666666666636
678,0,571,23.399999618530273,15,11.84000015258789,13,13.791666666666666,25.125
679,0,1570,17.399999618530273,16.5,30.079999923706055,10.800000190734863,60.79166666666667,29.375
680,0,447,26.399999618530273,16.799999237060547,7.21999979019165,13.329999923706055,12.958333333333334,18.2083333333333
681,0,1117,22.100000381469727,17.5,8.529999732971191,12.9399995803833,23.541666666666664,-13.208333333333357
682,0,452,25.399999618530273,11.699999809265137,10.270000457763672,11.829999923706055,19.625,4.9583333333333
683,0,445,10.399999618530273,10.300000190734863,28.440000534057617,10.420000076293945,1.625,45.7083333333333
684,0,820,23.600000381469727,12.199999809265137,53.939998626708984,9.979999542236328,26.625,-7.708333333333364
685,0,410,16.100000381469727,12.100000381469727,11.90999984741211,11.779999732971191,-5.625,38.791666666666636
686,0,1208,21.600000381469727,15.100000381469727,1.190000057220459,14.819999694824219,19.125,-19.208333333333357
687,0,2513,14.699999809265137,16.200000762939453,28.690000534057617,10.90999984741211,44.125,15.625
688,0,771,18.799999237060547,13.399999618530273,9.8100004196167,12.029999732971191,54.79166666666667,35.2083333333333
689,0,-15,8.300000190734863,10.399999618530273,0.46000000834465027,14.579999923706055,47.458333333333336,48.4583333333333
690,0,1345,20.200000762939453,12.300000190734863,24.209999084472656,10.819999694824219,13.625,-17.7916666666667
691,0,511,22.799999237060547,15.199999809265137,7.170000076293945,12.9399995803833,-1.041666666666668,30.041666666666636
692,0,1192,20.200000762939453,16.899999618530273,1.090000033378601,14.84000015258789,21.541666666666664,-22.875
693,0,1029,21.200000762939453,16.600000381469727,1.6399999856948853,14.680000305175781,27.541666666666664,-19.458333333333357
694,0,456,18.700000762939453,13.699999809265137,3.7200000286102295,13.210000038146973,-8.04166666666667,32.041666666666636
695,0,178,10.800000190734863,9.899999618530273,23.540000915527344,11.609999656677246,21.291666666666664,44.375
696,0,53,27.5,13.300000190734863,3.109999895095825,13.1899995803833,73.20833333333334,21.541666666666636
697,0,827,23.100000381469727,15.100000381469727,3.4100000858306885,13.890000343322754,43.125,26.291666666666636
698,0,650,23.799999237060547,10.899999618530273,22.5,10.539999961853027,27.625,-2.7916666666667
699,0,560,28.600000381469727,15.699999809265137,3.9700000286102295,13.819999694824219,35.291666666666664,13.7083333333333
700,0,-2,8.800000190734863,10.199999809265137,1.190000057220459,14.5600004196167,46.79166666666667,47.875
701,0,603,22.799999237060547,15.800000190734863,20.510000228881836,11.6899995803833,2.875,28.041666666666636
702,0,280,27.299999237060547,15,1.090000033378601,14.890000343322754,13.791666666666666,13.4583333333333
703,0,595,21.100000381469727,14.199999809265137,11.670000076293945,12.59000015258789,0.791666666666664,31.375
704,0,2085,16,10.899999618530273,45.630001068115234,9.84000015258789,29.625,-3.625
705,0,1102,23,13.199999809265137,4.199999809265137,13.5600004196167,44.458333333333336,9.291666666666636
706,0,760,22.899999618530273,10.199999809265137,16.81999969482422,11.5600004196167,50.79166666666667,16.041666666666636
707,0,204,5,11.699999809265137,6.46999979019165,12.600000381469727,56.29166666666667,50.125
708,0,9,27.299999237060547,15.300000190734863,1.7699999809265137,14.220000267028809,70.79166666666667,23.291666666666636
709,0,1147,20.600000381469727,14.399999618530273,4.519999980926514,13,27.291666666666664,-13.2916666666667
710,0,320,8.899999618530273,9.699999809265137,18.940000534057617,11.609999656677246,16.208333333333336,47.2083333333333
711,0,1507,19,14,20.3700008392334,11.260000228881836,14.875,-13.958333333333357
712,0,394,28.100000381469727,13.399999618530273,0.3799999952316284,15.279999732971191,32.875,10.375
713,0,806,12.100000381469727,11,24.3799991607666,10.579999923706055,32.041666666666664,39.875
714,0,638,25.100000381469727,15.399999618530273,4.78000020980835,13.149999618530273,17.208333333333336,19.625
715,0,657,11.100000381469727,8.100000381469727,80.30999755859375,8.739999771118164,-2.875,43.041666666666636
716,0,116,7.800000190734863,11.699999809265137,4.980000019073486,13.140000343322754,58.45833333333334,46.4583333333333
717,0,987,17.5,12.199999809265137,77.18000030517578,9.100000381469727,31.125,-26.958333333333357
718,0,563,21.100000381469727,15.5,2.7100000381469727,13.460000038146973,12.958333333333334,28.541666666666636
719,0,563,26.799999237060547,14,3.700000047683716,14.3100004196167,30.125,12.291666666666636
720,0,322,26.5,11.100000381469727,50.279998779296875,9.569999694824219,10.791666666666666,6.9583333333333
721,0,2029,11.300000190734863,15.5,5.389999866485596,12.739999771118164,68.29166666666667,32.7083333333333
722,0,780,23.700000762939453,12.100000381469727,21.059999465942383,10.739999771118164,20.125,-6.7916666666667
723,0,1947,18,15.199999809265137,38.56999969482422,10.350000381469727,44.875,14.625
724,0,160,19.600000381469727,11.199999809265137,12.40999984741211,11.430000305175781,10.041666666666666,33.625
725,0,1038,8.600000381469727,5.900000095367432,169.22999572753906,7.190000057220459,10.208333333333334,44.125
726,0,1035,22.399999618530273,12.600000381469727,56.43000030517578,9.729999542236328,26.291666666666664,-9.2916666666667
727,0,613,21,14.300000190734863,1.4299999475479126,13.789999961853027,38.041666666666664,30.2083333333333
728,0,328,29.5,14.800000190734863,5.599999904632568,12.800000190734863,2.458333333333332,16.625
729,0,1254,19,14.399999618530273,9.0600004196167,12.770000457763672,30.208333333333336,-18.958333333333357
730,0,1025,9.800000190734863,8.899999618530273,82.95999908447266,8.369999885559082,49.04166666666667,40.875
731,0,223,26,10.600000381469727,5.050000190734863,13.90999984741211,56.125,18.291666666666636
732,0,248,9.100000381469727,9.699999809265137,44.2400016784668,9.869999885559082,27.541666666666664,46.4583333333333
733,0,211,25.399999618530273,13.100000381469727,6.590000152587891,13.239999771118164,34.375,-16.958333333333357
734,0,648,24.799999237060547,11.600000381469727,13.5600004196167,11.869999885559082,23.208333333333336,-6.208333333333364
735,0,885,23.5,11.800000190734863,12.050000190734863,11.75,24.958333333333336,-6.625
736,0,514,25,12.199999809265137,7.46999979019165,12.15999984741211,38.458333333333336,-2.125
737,0,-14,9,10.699999809265137,0.5,14.8100004196167,48.208333333333336,47.541666666666636
738,0,1372,19.799999237060547,16.700000762939453,12.770000457763672,11.6899995803833,17.708333333333336,-14.708333333333357
739,0,409,28.700000762939453,15,1.5800000429153442,14.289999961853027,31.708333333333336,15.2083333333333
740,0,1190,22.600000381469727,10.899999618530273,8.819999694824219,13.050000190734863,32.625,-2.875
741,0,496,24.100000381469727,11.100000381469727,15.6899995803833,11.369999885559082,21.541666666666664,3.7083333333333
742,0,128,16.299999237060547,7.300000190734863,8.779999732971191,11.979999542236328,18.208333333333336,40.041666666666636
743,0,1172,21.399999618530273,17.200000762939453,20.290000915527344,11.449999809265137,37.208333333333336,0.875
744,0,439,24.899999618530273,10.5,12.239999771118164,12.199999809265137,20.791666666666664,2.291666666666636
745,0,186,16.299999237060547,9.199999809265137,10.5,11.869999885559082,-8.208333333333336,39.291666666666636
746,0,448,24.399999618530273,10.300000190734863,16.950000762939453,11.569999694824219,15.625,1.125
747,0,1042,14.5,10.800000190734863,64.339996337890625,9.289999961853027,39.708333333333336,38.375
748,0,1031,22.600000381469727,15.100000381469727,2.680000066757202,14.279999732971191,23.041666666666664,-16.208333333333357
749,0,379,19.5,15.199999809265137,4.820000171661377,13.479999542236328,40.958333333333336,34.041666666666636
750,0,202,26.5,12.199999809265137,5,12.84000015258789,55.70833333333334,24.875
751,0,408,25.700000762939453,14.5,9.5,12.8100004196167,38.625,0.041666666666636
752,0,778,22.899999618530273,10.699999809265137,69.63999938964844,9.699999809265137,47.375,14.291666666666636
753,0,344,26,10.300000190734863,10.1899995803833,12.1899995803833,4.541666666666666,7.875
754,0,44,13.300000190734863,11.399999618530273,1.899999976158142,13.819999694824219,56.54166666666667,42.375
755,0,1859,14.699999809265137,16.399999618530273,48.709999084472656,9.609999656677246,58.875,33.041666666666636
756,0,878,23.399999618530273,13,2.299999952316284,13.84000015258789,46.875,16.791666666666636
757,0,1347,21,17.299999237060547,3.3399999141693115,13.600000381469727,16.541666666666664,-20.208333333333357
758,0,134,19.299999237060547,11.899999618530273,2.109999895095825,13.829999923706055,22.708333333333336,31.625
759,0,264,14.899999618530273,8,43.58000183105469,9.869999885559082,1.208333333333332,41.291666666666636
760,0,664,26,13.5,16.229999542236328,12.670000076293945,44.125,6.791666666666636
761,0,21,26.399999618530273,9.300000190734863,7.650000095367432,13.359999656677246,61.20833333333334,25.541666666666636
762,0,594,24.799999237060547,12.699999809265137,6.070000171661377,13.229999542236328,48.54166666666667,7.791666666666636
763,0,195,20.799999237060547,13,2.5999999046325684,13.640000343322754,5.291666666666666,34.2083333333333
764,0,224,9.800000190734863,10.100000381469727,16.290000915527344,11.479999542236328,42.541666666666664,45.2083333333333
765,0,333,23.100000381469727,16.799999237060547,6.420000076293945,12.880000114440918,28.458333333333336,24.375
766,0,430,26.700000762939453,14.699999809265137,4.039999961853027,13.319999694824219,37.708333333333336,2.9583333333333
767,0,386,25.100000381469727,10.300000190734863,5.860000133514404,12.779999732971191,22.625,1.875
768,0,1380,21,10.5,31.540000915527344,10.890000343322754,31.125,-2.708333333333364
769,0,1062,22,14.399999618530273,8.079999923706055,12.34000015258789,19.875,-9.0416666666667
770,0,1575,18.399999618530273,12.199999809265137,15.380000114440918,11.350000381469727,30.458333333333336,-13.0416666666667
771,0,598,25.899999618530273,15.399999618530273,3.4700000286102295,14.279999732971191,40.375,3.4583333333333
772,0,1682,8.899999618530273,11.100000381469727,38.40999984741211,10.369999885559082,33.791666666666664,36.791666666666636
773,0,308,28.200000762939453,14.399999618530273,0.3700000047683716,15.079999923706055,14.875,11.125
774,0,561,11.100000381469727,10,69.56999969482422,8.5600004196167,25.875,41.375
775,0,351,26.899999618530273,12.600000381469727,3.4600000381469727,12.59000015258789,77.54166666666667,21.2083333333333
776,0,712,24.899999618530273,12.899999618530273,20.360000610351562,12.100000381469727,31.541666666666664,2.625
777,0,1482,18.200000762939453,11,26.770000457763672,11.069999694824219,28.958333333333336,-2.2916666666667
778,0,1056,23.100000381469727,18,30.690000534057617,11.260000228881836,66.04166666666667,29.541666666666636
779,0,12,10.100000381469727,9.199999809265137,1.0499999523162842,14.100000381469727,33.041666666666664,46.625
780,0,299,29,15.800000190734863,3.509999990463257,13.170000076293945,-0.625,21.125
781,0,407,28.799999237060547,15.100000381469727,4.489999771118164,13.34000015258789,0.041666666666664,18.375
782,0,976,5,8.899999618530273,107.12000274658203,7.980000019073486,15.625,47.625
783,0,305,28.799999237060547,14.199999809265137,4.869999885559082,13.020000457763672,-1.291666666666669,14.375
784,0,783,19.899999618530273,13.100000381469727,5.309999942779541,13.210000038146973,38.875,30.9583333333333
785,0,647,25.200000762939453,13.5,4.070000171661377,14.6899995803833,46.625,7.875
786,0,420,27.200000762939453,13.300000190734863,0.6200000047683716,15.4399995803833,29.625,6.875
787,0,295,14.300000190734863,10.5,15.850000381469727,11.449999809265137,45.54166666666667,41.125
788,0,249,27.299999237060547,12.699999809265137,5.690000057220459,13.289999961853027,14.125,8.625
789,0,1498,20.200000762939453,11,19.399999618530273,11.84000015258789,34.791666666666664,-4.125
790,0,494,25.200000762939453,13.5,2.9200000762939453,13.550000190734863,75.79166666666667,23.125
791,0,99,13.800000190734863,12.300000190734863,2.5999999046325684,14.279999732971191,59.375,41.291666666666636
792,0,95,27.600000381469727,12.199999809265137,8.390000343322754,13.640000343322754,54.708333333333336,22.791666666666636
793,0,298,27.200000762939453,13.300000190734863,1.9700000286102295,14.630000114440918,48.625,21.041666666666636
794,0,554,25,15.399999618530273,3.259999990463257,13.289999961853027,21.708333333333336,19.875
795,0,904,21.299999237060547,15.5,0.09000000357627869,15.529999732971191,25.958333333333336,-21.0416666666667
796,0,502,25.299999237060547,13.399999618530273,4.53000020980835,13.3100004196167,76.625,23.041666666666636
797,0,407,27,14.800000190734863,10.899999618530273,12.3100004196167,19.708333333333336,18.541666666666636
798,0,407,27.600000381469727,13.800000190734863,0.5,15.479999542236328,28.375,8.875
799,0,535,24.399999618530273,17.200000762939453,1.7000000476837158,14.180000305175781,-4.875,29.125
800,0,419,26.899999618530273,12.800000190734863,3.869999885559082,12.770000457763672,77.45833333333334,19.541666666666636
801,0,362,28.899999618530273,15.300000190734863,2.259999990463257,13.989999771118164,31.708333333333336,16.2083333333333
802,0,995,22.100000381469727,13.399999618530273,24.299999237060547,11.489999771118164,14.041666666666666,-17.2916666666667
803,0,955,22.600000381469727,9.800000190734863,83.05999755859375,9.3100004196167,73.875,17.541666666666636
804,0,420,27,13.199999809265137,0.5099999904632568,15.5600004196167,30.125,6.9583333333333
805,0,765,14.199999809265137,13,42.470001220703125,9.819999694824219,56.625,37.9583333333333
806,0,216,14.100000381469727,12.399999618530273,1.9800000190734863,14.6899995803833,66.04166666666667,41.875
807,0,558,23,9.399999618530273,8.579999923706055,13.270000457763672,12.875,-14.0416666666667
808,0,606,17.600000381469727,13.300000190734863,83.51000213623047,9.760000228881836,8.958333333333334,34.375
809,0,900,22.899999618530273,16,39.38999938964844,10.4399995803833,63.375,27.291666666666636
810,0,1207,16,13.399999618530273,5.309999942779541,13.15999984741211,-1.625,33.2083333333333
811,0,1380,20.399999618530273,11.5,0.009999999776482582,13.350000381469727,29.208333333333336,-1.7916666666667
812,0,483,28.700000762939453,16,0.7799999713897705,14.949999809265137,35.291666666666664,12.791666666666636
813,0,320,27.899999618530273,15.899999618530273,5.389999866485596,13.1899995803833,15.041666666666666,16.875
814,0,43,25.899999618530273,10,9.609999656677246,12.479999542236328,66.875,24.9583333333333
815,0,814,25.200000762939453,11.899999618530273,161.07000732421875,7.909999847412109,43.375,15.4583333333333
816,0,207,25.299999237060547,8.399999618530273,26.389999389648438,11.5,39.125,-9.125
817,0,51,23.399999618530273,10.899999618530273,1.8200000524520874,13.4399995803833,35.041666666666664,-22.125
818,0,467,7.199999809265137,8.399999618530273,25.600000381469727,10.539999961853027,15.708333333333334,49.875
819,0,1053,23.899999618530273,13,6.820000171661377,13.84000015258789,33.541666666666664,2.375
820,0,926,25.600000381469727,16.100000381469727,10.239999771118164,12.729999542236328,40.958333333333336,23.9583333333333
821,0,1625,16.200000762939453,15.5,44.02000045776367,10.050000190734863,53.04166666666667,33.125
822,0,818,18.399999618530273,14.5,4.690000057220459,13.5,39.625,32.4583333333333
823,0,1373,10.300000190734863,10.800000190734863,156.38999938964844,7.320000171661377,46.458333333333336,38.9583333333333
824,0,764,20.399999618530273,14.600000381469727,9.260000228881836,13.1899995803833,53.79166666666667,33.875
825,0,494,26.700000762939453,13.100000381469727,5.539999961853027,13.880000114440918,30.125,6.2083333333333
826,0,961,24.200000762939453,15.399999618530273,5.090000152587891,13.399999618530273,44.125,23.9583333333333
827,0,339,25.200000762939453,10.300000190734863,1.2300000190734863,13.8100004196167,19.458333333333336,1.375
828,0,552,17.399999618530273,13.699999809265137,8.010000228881836,12.680000305175781,39.458333333333336,37.041666666666636
829,0,246,19.600000381469727,14.800000190734863,2.950000047683716,13.279999732971191,29.291666666666664,29.2083333333333
830,0,447,24.600000381469727,17.700000762939453,1.75,14.300000190734863,-6.375,28.291666666666636
831,0,-1,11.399999618530273,5.800000190734863,0.8899999856948853,13.880000114440918,29.708333333333336,45.291666666666636
832,0,393,25.299999237060547,10.100000381469727,15.699999809265137,11.619999885559082,16.791666666666664,-3.5416666666667
833,0,778,24,12.100000381469727,52.4900016784668,9.260000228881836,56.20833333333334,24.125
834,0,46,12.899999618530273,9.600000381469727,2.759999990463257,13.430000305175781,-1.041666666666668,44.375
835,0,1218,21.600000381469727,16,10.960000038146973,12.390000343322754,15.208333333333334,-19.2916666666667
836,0,332,29.700000762939453,12.399999618530273,39.13999938964844,10.350000381469727,41.875,18.625
837,0,6,26.799999237060547,7.699999809265137,2.5899999141693115,13.350000381469727,5.208333333333332,5.7083333333333
838,0,1333,20.700000762939453,14.399999618530273,11.720000267028809,11.979999542236328,17.458333333333336,-12.2916666666667
839,0,64,30.600000381469727,11,15.420000076293945,11.770000457763672,41.708333333333336,18.041666666666636
840,0,179,20.100000381469727,13.399999618530273,8,12.6899995803833,8.625,34.375
841,0,942,22.899999618530273,11.800000190734863,15.680000305175781,11.550000190734863,25.291666666666664,-7.125
842,0,227,7.900000095367432,8.100000381469727,7.650000095367432,12.369999885559082,23.291666666666664,49.9583333333333
843,0,305,28.200000762939453,14.800000190734863,0.9399999976158142,14.899999618530273,15.291666666666666,11.4583333333333
844,0,570,26.399999618530273,15.5,4.329999923706055,12.3100004196167,60.70833333333334,27.125
845,0,118,9.300000190734863,9.199999809265137,20.100000381469727,10.770000457763672,28.125,47.625
846,0,595,26.600000381469727,16.600000381469727,6.679999828338623,13.050000190734863,29.375,16.7083333333333
847,0,204,28.100000381469727,12.300000190734863,6.829999923706055,13.859999656677246,45.79166666666667,3.7083333333333
848,0,161,24.299999237060547,13.800000190734863,1.4600000381469727,14.170000076293945,32.625,-22.208333333333357
849,0,581,20.200000762939453,15.5,1.8300000429153442,13.960000038146973,13.541666666666666,29.4583333333333
850,0,510,25.299999237060547,15.199999809265137,2.0299999713897705,13.989999771118164,20.625,19.875
851,0,453,24.899999618530273,10.399999618530273,6.050000190734863,12.300000190734863,24.625,-0.625
852,0,108,13.800000190734863,10.100000381469727,34.63999938964844,10.449999809265137,27.958333333333336,40.041666666666636
853,0,363,29.799999237060547,15.399999618530273,0.6600000262260437,15.100000381469727,19.208333333333336,13.9583333333333
854,0,454,24.399999618530273,14.899999618530273,1.2799999713897705,13.819999694824219,45.458333333333336,27.625
855,0,844,16.5,12.5,19.829999923706055,11.859999656677246,35.958333333333336,31.2083333333333
856,0,472,24.299999237060547,9.5,0,14.829999923706055,34.625,-13.208333333333357
857,0,899,23.299999237060547,15.300000190734863,26.40999984741211,11.449999809265137,18.041666666666664,20.2083333333333
858,0,205,25.100000381469727,16.299999237060547,1.5800000429153442,14.520000457763672,29.708333333333336,23.041666666666636
859,0,608,24.100000381469727,9.699999809265137,18.530000686645508,11.229999542236328,36.375,-11.458333333333364
860,0,362,25.299999237060547,9.5,8.470000267028809,12.079999923706055,15.875,-1.458333333333364
861,0,1017,21.200000762939453,16.600000381469727,2.690000057220459,15.25,22.791666666666664,-22.375
862,0,438,3.700000047683716,12.899999618530273,6.320000171661377,12.930000305175781,69.125,48.625
863,0,1110,20.200000762939453,17.200000762939453,0.3700000047683716,15.25,21.791666666666664,-24.458333333333357
864,0,-25,17.700000762939453,11.199999809265137,1.340000033378601,13.039999961853027,54.375,39.375
865,0,1151,17.600000381469727,16.399999618530273,3.640000104904175,13.149999618530273,23.791666666666664,-29.5416666666667
866,0,264,9.899999618530273,9.300000190734863,27.610000610351562,10.479999542236328,17.625,46.9583333333333
867,0,378,28.899999618530273,15,2.059999942779541,13.8100004196167,3.375,17.875
868,0,252,27.5,12.699999809265137,5.989999771118164,13.270000457763672,14.041666666666666,9.041666666666636
869,0,1186,20.799999237060547,11.699999809265137,15.869999885559082,11.619999885559082,37.041666666666664,-2.7916666666667
870,0,9,25.600000381469727,10.300000190734863,5.389999866485596,13.010000228881836,40.041666666666664,-16.0416666666667
871,0,106,27.600000381469727,12.600000381469727,4.829999923706055,13.25,53.375,21.541666666666636
872,0,144,26.100000381469727,11.5,2.6600000858306885,14.010000228881836,71.125,21.625
873,0,2035,17.100000381469727,15.800000190734863,35.900001525878906,10.670000076293945,44.708333333333336,15.2083333333333
874,0,544,23.799999237060547,15.5,1.6799999475479126,14.079999923706055,22.125,21.875
875,0,984,16.399999618530273,13.399999618530273,99.13999938964844,8.329999923706055,17.125,-27.875
876,0,1009,19.5,17.5,2.430000066757202,14.3100004196167,22.708333333333336,-26.625
877,0,1091,19.100000381469727,16.399999618530273,3.2799999713897705,13.399999618530273,22.958333333333336,-27.375
878,0,1110,13,11.600000381469727,139.42999267578125,7.840000152587891,36.625,37.2083333333333
879,0,269,26.299999237060547,14.600000381469727,5.03000020980835,13.399999618530273,71.04166666666667,26.541666666666636
880,0,276,10.600000381469727,9.800000190734863,13.920000076293945,11.449999809265137,2.708333333333332,46.625
881,0,1060,24,17.399999618530273,10.380000114440918,12.550000190734863,25.208333333333336,14.875
882,0,1250,18.299999237060547,12.899999618530273,21.68000030517578,11.260000228881836,32.041666666666664,-17.958333333333357
883,0,237,27.799999237060547,12.800000190734863,9.09000015258789,13.029999732971191,13.875,9.375
884,0,821,10.199999809265137,10.100000381469727,21.969999313354492,10.5600004196167,2.708333333333332,44.2083333333333
885,0,404,27.899999618530273,12.899999618530273,0.550000011920929,15.510000228881836,31.791666666666664,8.875
886,0,829,23,11.399999618530273,9.619999885559082,12.65999984741211,49.958333333333336,17.041666666666636
887,0,1098,22,15.199999809265137,6.639999866485596,13.359999656677246,24.041666666666664,-15.125
888,0,472,26.600000381469727,12.899999618530273,7.610000133514404,12.970000267028809,76.625,19.791666666666636
889,0,283,27.799999237060547,10.600000381469727,12.579999923706055,12.5600004196167,77.875,11.4583333333333
890,0,463,24.899999618530273,10.100000381469727,5.340000152587891,12.630000114440918,25.708333333333336,-0.2916666666667
891,0,1396,21.600000381469727,13.899999618530273,137.13999938964844,8.170000076293945,43.791666666666664,16.041666666666636
892,0,912,24.600000381469727,14.5,7.300000190734863,13.890000343322754,45.54166666666667,17.541666666666636
893,0,950,22.200000762939453,14.199999809265137,21.3700008392334,11.489999771118164,27.541666666666664,-18.125
894,0,768,24.600000381469727,12.199999809265137,6.820000171661377,12.710000038146973,29.541666666666664,4.041666666666636
895,0,1298,21.299999237060547,11.399999618530273,18.190000534057617,11.25,30.875,0.541666666666636
896,0,644,22.600000381469727,15.800000190734863,32.400001525878906,11.199999809265137,3.041666666666664,28.041666666666636
897,0,237,20.200000762939453,8,3.6500000953674316,13.550000190734863,12.125,-16.2916666666667
898,0,339,22.100000381469727,15.899999618530273,4.53000020980835,13.90999984741211,19.958333333333336,25.291666666666636
899,0,453,28,14.699999809265137,2.4700000286102295,13.670000076293945,6.625,15.041666666666636
900,0,30,12.800000190734863,9.600000381469727,2.75,13.220000267028809,-0.958333333333336,44.7083333333333
901,0,1245,6.400000095367432,8.699999809265137,217.0500030517578,7.079999923706055,7.208333333333334,45.7083333333333
902,0,936,22.899999618530273,11.899999618530273,17.899999618530273,11.510000228881836,25.625,-7.5416666666667
903,0,331,28.5,16.899999618530273,1.409999966621399,13.829999923706055,-2.291666666666669,21.541666666666636
904,0,-29,10.300000190734863,10.399999618530273,0.09000000357627869,15.039999961853027,49.875,46.125
905,0,235,13.5,9.800000190734863,48.77000045776367,9.84000015258789,2.958333333333332,43.4583333333333
906,0,415,27.899999618530273,15.199999809265137,2.5999999046325684,13.539999961853027,4.791666666666666,19.375
907,0,558,26.200000762939453,13,9.399999618530273,12.020000457763672,27.208333333333336,6.541666666666636
908,0,175,14.100000381469727,13.100000381469727,2.049999952316284,14.979999542236328,62.70833333333334,40.7083333333333
909,0,464,26.299999237060547,13.100000381469727,7.190000057220459,13.380000114440918,48.04166666666667,19.125
910,0,611,24.100000381469727,11.600000381469727,21.989999771118164,10.770000457763672,16.708333333333336,4.4583333333333
911,0,1588,18.600000381469727,13.800000190734863,14.739999771118164,11.329999923706055,14.541666666666666,-14.0416666666667
912,0,426,26.100000381469727,13.600000381469727,4.010000228881836,13.1899995803833,76.45833333333334,23.791666666666636
913,0,299,25.600000381469727,9.699999809265137,21.610000610351562,11.529999732971191,7.458333333333334,7.125
914,0,214,6.300000190734863,8.300000190734863,8.720000267028809,11.819999694824219,35.875,50.791666666666636
915,0,1628,20.200000762939453,13.699999809265137,32.02000045776367,10.270000457763672,38.375,5.4583333333333
916,0,321,20.700000762939453,14.5,8.09000015258789,12.5,13.541666666666666,30.9583333333333
917,0,367,25.299999237060547,16.899999618530273,1.340000033378601,14.149999618530273,28.458333333333336,21.041666666666636
918,0,267,27.899999618530273,13.100000381469727,3.549999952316284,13.770000457763672,45.958333333333336,4.875
919,0,496,22.899999618530273,15.399999618530273,10.649999618530273,12.380000114440918,21.458333333333336,23.625
920,0,364,25.399999618530273,16.100000381469727,16.030000686645508,11.270000457763672,65.95833333333334,26.125
921,0,552,24.799999237060547,13.899999618530273,2.0199999809265137,13.489999771118164,47.29166666666667,25.375
922,0,102,26.5,8.899999618530273,2.0999999046325684,14.180000305175781,48.625,5.875
923,0,742,24.399999618530273,15,8.119999885559082,12.680000305175781,38.291666666666664,3.541666666666636
924,0,736,17.799999237060547,15,2.380000114440918,14.020000457763672,38.958333333333336,33.291666666666636
925,0,0,18.299999237060547,8.5,NA,11.09000015258789,11.041666666666666,35.791666666666636
926,0,262,26.799999237060547,14.399999618530273,16.43000030517578,12.279999732971191,75.125,21.375
927,0,796,23.799999237060547,12.800000190734863,12.5,11.680000305175781,25.208333333333336,-9.458333333333364
928,0,943,25.200000762939453,15.399999618530273,36.83000183105469,10.880000114440918,36.291666666666664,11.791666666666636
929,0,355,10.199999809265137,13.100000381469727,10.630000114440918,13.25,69.45833333333334,44.125
930,0,256,27.799999237060547,15.899999618530273,2.4000000953674316,13.789999961853027,-1.541666666666669,24.791666666666636
931,0,558,21,17.100000381469727,4.679999828338623,13.5600004196167,62.125,31.875
932,0,888,22.100000381469727,11.899999618530273,23.239999771118164,11,17.625,-6.375
933,0,1306,20.200000762939453,12.100000381469727,7.730000019073486,12.260000228881836,31.125,-11.208333333333364
934,0,419,26,12.300000190734863,10.819999694824219,12.050000190734863,3.208333333333332,9.125
935,0,368,29.299999237060547,14.699999809265137,2.5199999809265137,13.819999694824219,0.958333333333332,17.625
936,0,453,27.100000381469727,11.5,11.960000038146973,12.520000457763672,76.54166666666667,16.4583333333333
937,0,923,18.899999618530273,12.300000190734863,42.4900016784668,9.850000381469727,31.041666666666664,-25.208333333333357
938,0,1089,17.899999618530273,17.100000381469727,7.380000114440918,12.890000343322754,24.458333333333336,-28.958333333333357
939,0,429,26.399999618530273,16.700000762939453,2.240000009536743,14.420000076293945,12.458333333333334,19.041666666666636
940,0,749,24.799999237060547,14.300000190734863,12.869999885559082,11.880000114440918,25.541666666666664,7.2083333333333
941,0,660,22.100000381469727,11.899999618530273,26.190000534057617,10.359999656677246,34.541666666666664,24.875
942,0,491,26.5,15.300000190734863,0.800000011920929,15.180000305175781,10.375,20.791666666666636
943,0,528,28.600000381469727,14.699999809265137,22.799999237060547,11.199999809265137,18.958333333333336,12.2083333333333
944,0,47,28.200000762939453,13.100000381469727,0.6100000143051147,15.720000267028809,42.375,1.041666666666636
945,0,575,25.700000762939453,15.199999809265137,15.1899995803833,12.300000190734863,17.875,19.125
946,0,1323,21.600000381469727,11.399999618530273,52.310001373291016,10.5,28.708333333333336,-8.458333333333364
947,0,1018,21.899999618530273,15.699999809265137,0.9900000095367432,14.630000114440918,22.291666666666664,-17.875
948,0,275,28.299999237060547,14.100000381469727,3.140000104904175,13.239999771118164,0.541666666666664,12.7083333333333
949,0,1144,19,17,2.359999895095825,13.989999771118164,23.958333333333336,-26.125
950,0,657,15.399999618530273,10.699999809265137,3.509999990463257,13.640000343322754,3.041666666666664,35.541666666666636
951,0,2337,5.900000095367432,14.800000190734863,123.88999938964844,7.96999979019165,65.79166666666667,35.791666666666636
952,0,1111,21.5,15.800000190734863,3.609999895095825,13.989999771118164,21.291666666666664,-11.208333333333364
953,0,16,27,14.399999618530273,1.2000000476837158,14.25,70.54166666666667,22.791666666666636
954,0,230,27.100000381469727,11.199999809265137,7.590000152587891,12.4399995803833,1.291666666666664,8.125
955,0,2261,16.100000381469727,14.899999618530273,58.869998931884766,9.640000343322754,35.708333333333336,0.125
956,0,351,12.5,6.900000095367432,90.56999969482422,8.5,-2.958333333333336,43.2083333333333
957,0,213,24.600000381469727,8.800000190734863,33.650001525878906,10.510000228881836,11.125,-3.208333333333364
958,0,400,27.700000762939453,14.199999809265137,0.5299999713897705,15.479999542236328,28.791666666666664,9.7083333333333
959,0,629,26.399999618530273,14,4.820000171661377,13.979999542236328,30.041666666666664,12.041666666666636
960,0,403,26.399999618530273,12.800000190734863,13.359999656677246,12.010000228881836,1.375,9.875
961,0,409,24.700000762939453,9.899999618530273,12.289999961853027,11.670000076293945,20.875,-3.625
962,0,748,22.200000762939453,15.600000381469727,31.06999969482422,11.380000114440918,18.708333333333336,22.791666666666636
963,0,529,25.799999237060547,14.199999809265137,5.289999961853027,13.039999961853027,7.625,12.625
964,0,825,22.600000381469727,9.5,40.709999084472656,10.180000305175781,35.291666666666664,-11.458333333333364
965,0,383,9.5,8,18.43000030517578,11.170000076293945,5.375,47.791666666666636
966,0,1736,19.299999237060547,11.399999618530273,108.77999877929688,7.659999847412109,35.541666666666664,6.125
967,0,453,27.5,12.5,23.770000457763672,11.640000343322754,41.208333333333336,10.7083333333333
968,0,802,17.899999618530273,15.100000381469727,2.759999990463257,13.5,51.79166666666667,35.125
969,0,437,16.399999618530273,11,5.119999885559082,12.260000228881836,4.708333333333332,35.625
970,0,838,22.700000762939453,12.100000381469727,98.08000183105469,9.630000114440918,36.791666666666664,-6.708333333333364
971,0,486,13.100000381469727,13.100000381469727,17.219999313354492,11.960000038146973,69.20833333333334,42.041666666666636
972,0,1176,22.100000381469727,11.800000190734863,33.880001068115234,9.979999542236328,9.208333333333334,9.2083333333333
973,0,1006,21.899999618530273,11.300000190734863,10.479999542236328,12.109999656677246,49.125,16.541666666666636
974,0,439,26.799999237060547,13.399999618530273,4.579999923706055,13.039999961853027,20.458333333333336,8.291666666666636
975,0,63,13.199999809265137,11.800000190734863,0.3700000047683716,14.819999694824219,58.625,42.041666666666636
976,0,1009,16.100000381469727,15.100000381469727,56.47999954223633,9.970000267028809,24.791666666666664,-32.375
977,0,490,27.399999618530273,13.800000190734863,4.130000114440918,14.90999984741211,30.875,12.791666666666636
978,0,966,24.5,14,50.709999084472656,10.09000015258789,35.375,10.541666666666636
979,0,800,23.799999237060547,15.399999618530273,6.800000190734863,13.359999656677246,5.458333333333332,25.291666666666636
980,0,1203,19,17.299999237060547,24.90999984741211,11.050000190734863,66.125,31.2083333333333
981,0,471,27,12.800000190734863,6.610000133514404,13.270000457763672,45.04166666666667,5.791666666666636
982,0,534,28.5,15.600000381469727,3.740000009536743,13.960000038146973,21.375,15.7083333333333
983,0,2297,15.100000381469727,14.5,47.099998474121094,10.359999656677246,35.708333333333336,-0.7916666666667
984,0,5,26.299999237060547,9.899999618530273,2.380000114440918,13.329999923706055,69.29166666666667,22.791666666666636
985,0,1267,21.600000381469727,10.600000381469727,101.51000213623047,8.880000114440918,10.291666666666666,6.2083333333333
986,0,693,24.200000762939453,13.100000381469727,8.3100004196167,12.149999618530273,17.291666666666664,5.541666666666636
987,0,692,24.600000381469727,15,8.609999656677246,12.59000015258789,45.54166666666667,25.125
988,0,384,29.299999237060547,15.5,1.7599999904632568,14.720000267028809,34.125,17.125
989,0,936,25.100000381469727,11.100000381469727,86.66999816894531,9.770000457763672,35.291666666666664,4.7083333333333
990,0,406,28.700000762939453,15.5,6.099999904632568,13.100000381469727,-0.291666666666668,19.7083333333333
991,0,9,21.700000762939453,12.600000381469727,3.7100000381469727,12.539999961853027,6.375,34.625
992,0,647,24.600000381469727,13.600000381469727,9.079999923706055,12.0600004196167,22.541666666666664,6.625
993,0,1116,22.299999237060547,12.199999809265137,22.260000228881836,11.350000381469727,27.375,-9.0416666666667
994,0,473,28.600000381469727,16.399999618530273,2.319999933242798,14.510000228881836,34.208333333333336,15.9583333333333
995,0,543,23.899999618530273,9.800000190734863,8.770000457763672,12.3100004196167,12.291666666666666,1.4583333333333
996,0,88,27.600000381469727,12.600000381469727,1.4800000190734863,14.270000457763672,51.875,22.375
997,0,727,23.100000381469727,12.600000381469727,38.29999923706055,11.239999771118164,37.291666666666664,-6.208333333333364
998,0,38,8.300000190734863,11.399999618530273,0.6600000262260437,13.789999961853027,60.625,46.041666666666636
999,0,951,14.699999809265137,12.399999618530273,46.2400016784668,9.90999984741211,23.375,-33.5416666666667
1000,0,1147,23.299999237060547,12,24.719999313354492,11.460000038146973,37.625,5.875
